x1,x2,x3,x4,x5,x6,y
0.4581088328195259,0.44491228628493273,0.16555173237491483,-0.10403576573960172,1.0,0.01480434365375849,-1.074332396360401
-0.9587348310943378,-1.0,0.012570632414856842,-0.1564619252579853,-1.0,-0.4829730770269538,-0.6258276764689868
-0.4322339202014691,-0.07992988836280468,-0.7923927959529223,-0.6287535695548238,0.24331353893603258,-0.10399541694330479,0.03834414553656204
1.0,1.0,1.0,1.0,1.0,-0.26328604202446776,-7.4902503446778885
-1.0,-1.0,-0.3064571106921721,-0.29049751655277745,1.0,-0.3123924428802302,3.046622714802386
0.7129130772155639,0.1895102195159455,1.0,0.5787227791258984,-0.07673523621168804,1.0,-2.0991809664001573
0.7101043113192997,-0.34674356179722454,-1.0,0.41679615981037493,0.48430922283003414,-0.45936602370441837,-1.2960044698171846
-0.49389351499681244,0.5242389766489834,-1.0,-0.4045468475962696,-1.0,0.19555713180054385,-0.2739135212302122
-1.0,-1.0,-1.0,-0.2978533931324536,-1.0,-0.7066535910716212,-1.6011167598726241
-1.0,0.33460586712753904,-0.551109721113416,0.682310911244665,0.5761556842125439,0.3589679035132866,1.7796889462585437
0.16478791325617737,0.4634176202530876,-1.0,0.5305479500451799,-0.3555583280269249,0.37093133266739897,1.4223238970208807
-0.6040583756629256,0.6295136969439388,-0.4092511941602488,-1.0,1.0,1.0,9.550291922251146
0.8192946043305589,1.0,1.0,1.0,-0.6495071873044684,-0.20141303528058907,1.1704175435929591
-0.14830888767405503,-1.0,-0.2720915438482119,-0.8141118916094676,-0.020060262787430005,0.056765870944912145,-0.8768509768542408
-1.0,-1.0,-0.7321365445014866,-0.8609150516407168,-1.0,-0.6293572303256423,1.9550537434913275
-0.16459902790796055,-0.12930515791228547,-0.9039911612407132,-0.6977702314608254,-0.5480955093214782,-0.08263625902039429,-1.1380289831568313
0.17207768665251,-0.07673146594452007,-0.2079183171666733,-0.22847982337343958,-0.4782316995192626,0.09295747458489378,0.3326003898738647
1.0,-0.28229083213717177,1.0,0.16850217025774566,0.5513496860340554,0.5819676772784363,-3.546313528429963
-0.21606305885146293,-0.18934658415651967,-0.4370202391978404,-0.6820104816182775,0.7628210713150004,1.0,4.23167605167927
-0.8441830327827075,0.41541893876715386,1.0,-1.0,0.22767030819148815,1.0,-2.5771164507364426
-0.060294961256469326,-0.7568138860462931,-0.33696844205547183,0.6414244780525421,-0.5516505504140287,-0.06869696655305035,0.191543358863634
-1.0,-0.36322597404949375,-0.5367166405324664,-0.8276099652443283,-1.0,-1.0,-0.091277475072995
0.9959800449021147,1.0,1.0,0.18971600301300906,1.0,0.9573696024994525,-6.155902562705396
-1.0,-0.05017715729538508,0.020497300628671722,-0.9523981738953191,-1.0,-1.0,0.33877607156388
-0.08856974443624388,0.08617767340922122,-0.3098081009266459,-0.41467066805941066,0.15305422129791524,-0.3158592001766817,-0.710557943198195
0.530927299042532,-0.29793283120480807,-0.2745182220633713,-0.0007644566245028073,0.9183256335279107,-0.10081896893791753,-1.2897584092126946
-0.44803639161461906,0.15955037721190884,1.0,-0.16117751734978694,-0.47984475731999676,0.3780261898909867,-1.3737112921476398
-0.07658806778911989,-0.5941860962916509,-0.5720122671380271,0.758478296749157,-1.0,-0.8696574466704892,0.5559819620496473
-0.5464388781855363,0.3339116492502393,-0.018722672985801547,-0.3884097161926149,1.0,-0.3804406373957378,2.595166697075288
-0.2711636845665979,0.19170436175258343,-1.0,-1.0,0.7378967688599363,0.22556104970650914,0.2685811013293064
-0.0825904214692002,0.9846774897756438,1.0,1.0,0.18962118638184977,0.6958969956518052,-6.052401708066892
0.7044956458124609,1.0,0.6162652340409207,0.2600193789930405,-0.05933355446240152,-1.0,2.49317613282404
0.35834111863673196,-0.1950670880237978,-0.4291865140776625,-0.2426533572172197,-1.0,-0.2632637296472575,0.5101795655266989
-0.11233921599589625,1.0,1.0,-0.6251733053042068,1.0,-0.5144223267132828,-2.549097923842088
0.6387348365107969,0.4533403235710072,0.9776783944902714,0.4952430930295335,-0.56919610378219,-0.5319523277982958,1.6483359979355394
1.0,0.9017997376599849,0.458584563173388,0.9661161341355717,0.03760559615094586,-1.0,4.921478305836265
-0.8176995323580847,0.021079598642030573,1.0,-0.15784265965940136,0.9871110156773253,-0.4607813394062775,-0.21118706254098796
0.4312677230943054,0.3187090046098452,-1.0,-1.0,-1.0,-0.6019718171037538,0.312159738880367
0.06212686774655904,0.08492190530448346,0.8575823169707959,-1.0,0.11101429107049163,-0.45194191824185237,-0.5298642104786573
-0.4353422788408297,-1.0,-1.0,-0.6056376005648482,-1.0,-0.6157429683407993,-1.3015026425486602
-0.01951137122043689,-0.6907192006660512,0.19505345416319025,-0.04987672469849902,-0.7406009405251504,-0.5434403360187026,1.6189062620569556
1.0,0.1665705657042169,-0.021586244915256847,0.09410202333238282,-0.14726188293125297,0.30183232239297975,0.9686769279456242
0.04159577657912572,0.20689913504156077,0.908134909662172,1.0,0.30202109542109856,-0.5492861785804916,-0.37470985227645537
-0.9641455860266692,-1.0,-0.9097037755657571,-1.0,-0.5200648878297744,-0.16095438744583723,-3.7845148138261435
1.0,0.20722249713781937,1.0,1.0,-0.608753463138808,1.0,-0.13200293672593671
-1.0,-0.7970136287483808,0.5550509363617929,-0.10751813804972321,-1.0,-0.18030945287869127,-0.18877934309046307
-1.0,-1.0,-0.003216968139394205,-0.2667772244676523,-1.0,1.0,-2.0209732520231225
-1.0,-0.239471347639042,-1.0,-1.0,1.0,0.9735963472428758,6.208129572891934
0.27181719264640236,1.0,1.0,0.6099103532364689,-0.045457601008511705,-0.295430039180141,-2.445279998575297
-0.10276266319881056,-0.8949297675581862,-1.0,-0.7846338909423993,0.44074520953759466,-0.0597780534225798,-3.5960864664775927
-0.4539979907670172,-0.9420582287365113,0.2310888865447324,-1.0,-1.0,-0.7697587603426257,8.182421227186655
-0.48635043495808483,-0.5591310278136772,0.3879847987283993,-0.8027678084407526,-0.6146313930613583,-1.0,4.126009937850541
-0.12257845771212428,0.7461394505026937,-0.7685832787648113,-1.0,1.0,0.5146916011001776,4.615356486996822
1.0,1.0,0.5665601075325586,-1.0,0.663548660060765,0.8001014062870614,0.05299128156218924
0.8560421668024794,0.21790177584012094,0.39096511148179447,1.0,0.25729453209675857,0.9904126091060268,0.23273169997978427
-0.056592930610297354,-0.687693133285012,-1.0,-0.998316270633713,0.607084127967934,-0.6781566984675053,-0.6674366575698715
0.2215579581138215,0.6780361152944616,1.0,1.0,0.8130641570079428,0.5696475039630222,-4.327441131676023
0.013720862001906586,1.0,-1.0,-1.0,-0.18323338204133743,0.5191785231934714,4.933423068612731
0.6233249841694116,0.601254340244069,-0.1860045917164583,0.42538596733293943,1.0,1.0,3.3674591423305995
0.8299700572613777,-0.14740781330948047,-0.9960990899420076,1.0,0.5873976087868383,0.20872871733606058,-1.2114200602271255
-0.15077270140691923,0.7884007093980543,-0.1644919940204878,-0.581626953237971,0.7470070666202024,1.0,5.467180756410503
1.0,1.0,1.0,1.0,0.8306532540652105,-0.4807573202812707,-5.708827211994622
0.5462756651237919,1.0,0.5447054086290947,1.0,-1.0,0.05498520510287669,2.1481020677355023
-0.18417189321470012,-1.0,0.12313569263713378,-0.5372255668048229,-1.0,-1.0,6.4448513558883
-1.0,-1.0,-1.0,0.014702612560265393,-0.9687822452253096,-0.618331733884908,-4.888416743649071
-0.3503249745475758,0.09157699253604831,0.6568403493865786,0.2856643328890448,-1.0,-0.6965247605030389,0.6303056906179038
0.372099025676933,-1.0,0.6919885473218885,0.3222888158257195,-0.9155051474100682,0.25025814607123376,2.419376431465703
1.0,0.1975889440741878,0.6421554138407017,-0.15900805316883448,-1.0,1.0,6.173000952793617
0.5352876359596703,0.6285305923688368,-0.9205192095561842,-0.39871507832937514,1.0,1.0,5.164936238734088
-0.8145388460215579,-1.0,-1.0,-1.0,-1.0,0.37378385719741136,-2.5874511573192245
0.22456386077490292,0.5660513192718327,1.0,-0.06070103977754393,1.0,0.554016477034425,-2.4069302263307337
-0.07505899843697925,0.4840622055539243,0.5401342731183894,-0.8440239926179959,0.5205515768366646,0.6092769442966852,0.2379199435019217
-0.9833999351523808,-0.25529145776854456,0.022823034270360476,0.16374482999472278,1.0,0.03690725661562058,3.061822641541201
-0.4768353510152432,0.41944905930056786,0.8850599742458716,0.14375395731211305,0.8936716014683386,1.0,0.4389540996022978
0.11558308438956338,-0.096135405324379,0.8080556367924774,1.0,0.6195215719279437,1.0,0.28253657010652394
-0.18008206005322322,-1.0,-1.0,-0.19357604865969325,0.5548486668019057,-0.305191282932119,-2.570851862906839
-0.41561420888687095,-0.16924299284037558,1.0,0.5392817442976041,-0.2667091210834446,-0.9067233407491205,1.879179669505104
1.0,0.9377185929883067,-0.5298984499005946,-0.8027917627162933,-1.0,-0.23086962048674498,6.825006753629933
0.8323735327702075,0.02515295704555731,-0.47186075060526617,0.7413281074368557,0.4584831987380864,1.0,1.7247079604483835
-0.7795690005976383,-0.4467685104895365,-1.0,-1.0,0.4268852236846299,0.09352445734066489,-2.2006016852296324
-0.11573318869000854,-0.4872111418081186,0.8086434531135476,0.03285091552628995,-1.0,-0.9350064104800111,1.5585128221742646
-0.179395222288107,-0.24606087156159862,-0.3817059114114394,-1.0,1.0,0.773729233884408,3.016360698291862
1.0,0.007705928619220703,-0.12944307528568583,1.0,1.0,-0.5034682682614924,-1.7608801379538
0.8010294795789525,1.0,0.0061081016446600245,0.19352128821647452,-0.5335284523111095,-1.0,5.582589377830827
-0.8352204282453731,-0.29688383395862417,-0.23194460699611275,-0.21797491250804166,0.8394145424237243,1.0,4.66544026453456
-1.0,-1.0,-0.30050448793990125,-0.10147509074239983,0.4034944220144068,0.3472928322808875,-0.2507703068571694
0.6034429036602722,0.4929029243970382,1.0,1.0,0.5603886329880308,0.5621156611135498,-4.822591283639628
-0.35296161994470054,-1.0,-1.0,-1.0,0.21707923901436046,1.0,-1.085213713889981
0.00771464226778773,-1.0,-1.0,-0.6287654103377143,0.018148066201078117,-1.0,2.597191781548555
0.7142636238556457,1.0,0.46275829655188283,0.5214845912215875,0.46872580848145606,0.07494665986327531,-2.015357779491423
-1.0,-0.023245590693604656,0.2080000083934086,-0.9571827119602103,0.23062342008379777,0.26356091128821857,0.42932222168105605
-1.0,-1.0,-1.0,-0.26289119224027035,1.0,0.9677544539236622,2.6600248476120787
0.3515423977045713,0.6677765783203369,-1.0,0.30234528738462996,-0.00789480656336683,-0.30690707493088665,0.18389681046394657
-1.0,-0.31127531029908795,-0.40730012934521365,-0.4686639508579699,0.880624357944662,0.30486212438583804,3.2918074094299765
0.14233324774473644,0.735970996837224,0.26553277626685023,-0.12324188636634642,1.0,-0.5076074257676422,0.6860341452354873
-0.36182254915985057,-0.8750011407304494,0.08180907810731342,-0.7344728754792487,0.17556891711560052,0.5014974464678108,0.627261431185256
-0.818412757699494,-1.0,0.806824696070684,-1.0,-1.0,-0.5287343256639729,6.783231395178618
-0.10484814645355205,-0.8199210955640353,1.0,0.44760913053590057,0.5507885272531776,1.0,-0.14243801965811945
-0.34617517699620803,-0.17826401284767912,-1.0,-0.37888024920657215,1.0,-0.5342133534112526,0.6468268691042484
0.33804842868381435,0.2975473197851335,-0.7084602759451617,0.3829804601398383,0.8467839020167114,-0.009117165918838488,-1.6291320217089407
0.7507016425475258,-1.0,-1.0,0.02154851529367724,-1.0,0.054378712889686064,1.980390218017435
-0.4236968840861315,-0.06645952185303394,-0.6581825004037486,-0.2061488193117762,-1.0,-0.8512052045974501,-0.7005188460044448
-1.0,-0.3252340459251999,0.9317887557925605,-1.0,0.33965518410584417,-0.45136567373189845,1.1185870757937542
0.6920741893372532,1.0,1.0,0.24106904430396187,0.9317748706915239,0.8344724824417833,-4.592183364457091
0.04495407031591481,0.8450868222447195,0.0031050683416521396,-0.617088563545251,-0.9893733349698199,-0.14200779215246506,0.9278866801192954
1.0,0.7815218673612903,1.0,1.0,0.3195007119658453,0.07281062437715735,-2.9942763029126933
-0.8746979416227769,0.10978853120558352,-1.0,0.03840323123938433,-0.13020499187803347,-1.0,5.55315381160697
0.8497544676177538,1.0,0.314840161021313,-0.2689446223575922,0.29348261449400626,0.4688149143385354,0.17607897908375225
0.7628455986078231,1.0,0.03232111411260297,0.8893882146058505,-0.7810223805621608,-0.03636311285587078,4.110347341609768
1.0,0.8805427248348476,0.5763790857900096,0.6546003254671667,-0.6483879616107823,-0.5204581711906318,2.980419633640666
0.7201696874675959,1.0,1.0,0.8433885497994816,-0.9381987632360155,-0.7307857029978708,4.254427178450706
0.19955057042508528,0.11383476006685589,0.7369499079877825,0.9184742972035738,0.23956164146035155,4.5520698891410305e-06,-0.6683416648394005
0.5485304708014388,-1.0,-0.6832055617713562,-0.20124174137523526,-0.7854164638234489,-0.7390269375724854,1.9991242984205304
0.10310061776583102,-0.47700873531417837,-0.9430634588239425,-0.20747057599250324,0.771002130516129,0.48341244708907694,-0.35109464556662584
-1.0,-0.5452592190931426,-1.0,-0.4097928117021669,-1.0,-1.0,2.036139025240101
1.0,0.43310565823678715,0.1700794864796747,-0.5678805791997447,-1.0,-0.7793452130723666,5.563336583374611
0.20640377529886988,-0.10163747028725545,0.2826074895164591,0.6043649935593813,-0.0960754464742033,0.87453934794512,1.0598829253266828
0.23499394579825994,-0.2764541905657252,1.0,-0.5065161635681747,-1.0,0.5383716955916191,0.0775108825575781
1.0,0.6537774569574462,-0.41861689238418026,-0.21487486964624342,-1.0,-1.0,4.886309006332715
0.5773926980977963,0.22930610565655019,1.0,0.8022259148830444,-1.0,-1.0,4.270959845783985
0.6375348412128622,-0.30619483561976035,-0.05481635511658933,0.23180507547561136,-0.8928585623996641,0.25946940396164553,0.735925774102723
-0.1403674424462384,-0.5889978727614422,-0.4974580463151952,-1.0,-0.07122441733306739,0.2662860143145517,-0.9131492183378082
-1.0,-1.0,-0.9954935336545951,-1.0,-0.058315061724487194,1.0,-1.9287259762858617
-0.6073622866322641,-0.24098476661830925,-0.42749590831776285,0.009974719378913477,-0.23288086608413017,-1.0,2.3802600220997285
0.5937183808018476,0.3755837064258304,0.08744018130586717,0.928825699941707,0.342429495063833,-0.45823458199885975,-0.19790734386355774
-0.28281732499453643,-1.0,-0.009342923758540345,-0.2567225873786862,-0.7649672687492752,0.35581793769300374,0.3594344391094425
-1.0,-0.6707007634270448,-0.8015752177428628,-0.9328155319941598,1.0,1.0,3.480835598749971
-0.9547033352705614,-0.6714274575842889,-0.9369144249426629,-1.0,1.0,0.32461650510133255,-2.274377491274941
-0.1368355653265953,0.45930897958761463,-0.46379403273679876,1.0,-0.46900816873582696,-0.7179415217535471,2.0452446849772645
0.7704209161107347,0.790476897286627,0.08362396303485053,1.0,0.9862447932363155,-0.3186052580890554,-1.6388242304686713
0.6046704426871573,0.8853942277098716,0.10446130873002746,0.6590939971017631,-0.1444394807039472,-0.39390998038556574,1.3889163893098857
0.0018460865534461607,-0.5803243974609172,0.31674544321062253,-0.056912707460184286,-0.49444039463865286,-0.7259279293768963,1.6484269257487885
-0.9853760186126366,-1.0,-0.225930499026478,-0.21026721548153,-0.4115479428968548,1.0,-1.117980307811848
-0.9783363750059583,-0.08315633885047707,0.3316710242214542,0.20648307286589657,-0.7454761828721299,-1.0,1.3561978974503421
1.0,0.05354472885618655,-0.6339611614075945,-0.08096581320998103,-0.260685915095313,-1.0,3.304651416234576
-0.06498251316314216,-0.5844351519933095,0.35563411459720246,-0.9765285151508347,-0.24850322152091064,-1.0,5.132618052479096
-1.0,-0.8886427378509127,0.6472426465256392,-0.4092405597271204,0.3046517225827978,0.6776742516858709,-1.4702378375191916
-0.909208809614541,-0.5864663747831287,-0.3929948465571287,-0.18787355993971233,0.949683221183305,1.0,4.328271019146898
1.0,1.0,-0.5503261458970388,0.600508173138682,-0.4192934464445534,-1.0,6.880582749109945
1.0,-0.03971653394398328,0.08270377335262702,-0.7171657854700406,0.1375546785782313,0.1231381990301151,-1.0327181639809915
-0.08305055870764316,-1.0,0.09650921500456741,-0.5050548280658289,0.07742039712152637,-0.11640404393453463,0.531282774394586
-0.370000439333973,0.25938944175003353,0.8984350963103837,0.7018204453947029,-0.1427263585056162,-0.49586260932803894,-0.18583754214618803
0.7941643919914639,0.4597707573753982,1.0,0.3724456860972002,-0.4772443768829854,0.6603317663265555,0.06533273107886459
-1.0,-1.0,-1.0,-1.0,-0.7182402085057276,-0.1626575949376583,-3.349463786162538
1.0,0.724627231260748,-0.21161392541870927,-0.08785133809607298,-0.18679831238648392,-0.65923361063371,0.7712183792126093
-0.2808942850658085,-0.23672489838274924,-1.0,-0.9374678619632322,-1.0,0.30342109172639853,-0.6561607651196996
1.0,1.0,1.0,0.5241701109525885,-0.3175741150461748,0.5066872362056203,-2.4866234363745265
0.027461999476473223,0.18767259674036396,-0.16257527917276482,-1.0,0.21393589768874188,-0.5426101319388138,0.4147350864829753
-0.9373874396013919,0.05790915886424536,-0.25768731283540086,0.37164828561297736,1.0,0.8041614856956021,5.151106156323445
-1.0,-0.42644778711764797,-0.383665704853624,0.08228612962569459,0.06009372016837633,-0.8557722265637746,2.124812191907704
0.943959287795608,1.0,1.0,1.0,0.16503707999013006,0.4553318704421878,-4.558599568543828
0.27151752189172473,-0.2848008625443792,1.0,0.977457359528283,1.0,0.7463547474560086,-2.936762569131839
-0.040486786254694596,0.7312857780080326,0.12558071910290597,0.777505850884534,-1.0,-1.0,3.606509635688546
-0.026926893846740407,-0.8124117426278195,-1.0,-1.0,-1.0,-0.5461345377903959,2.5606941027494283
-0.516218355389911,-0.0365091194041246,-1.0,0.44729382739554524,0.6374924494699097,0.353243414474777,0.9845592615190638
-0.588868878259896,-1.0,-1.0,0.056829706625114024,-0.9517126187474334,-0.6595366210955598,-2.8060540884645007
-1.0,-1.0,-0.83651880887557,-0.5820386637598454,1.0,-1.0,4.174827715100804
1.0,0.9688232379835711,0.04847425051289189,0.33771285805533413,-0.7734599064086811,0.5820829924577976,2.9415110075671835
-0.6187382639268835,0.48557846353199474,-1.0,0.2206632028561307,-0.40897783736624765,-0.2651158503558956,-0.5535200591285038
1.0,0.2811891249427192,0.576972888295219,1.0,0.9872911895807545,1.0,-0.3763306552986163
-1.0,-0.00030577088328087587,-0.2991310414200675,-0.25931976365099685,1.0,0.3807851339814683,2.4708519214274256
1.0,1.0,1.0,1.0,-1.0,-0.49460556042533066,7.115163565066494
0.11439567923152427,-1.0,-1.0,-0.46141685989803805,0.029687942292924707,-0.6225476768371829,-1.7410702165546363
0.07978245694848501,-1.0,-0.20937001442158598,-0.4799328500797484,0.3382657651921428,-1.0,4.221843238510067
-1.0,0.09019701551324688,1.0,-0.7423652692831199,0.8660752551546538,1.0,-1.4778907284170997
-0.7939364556247425,-0.22850727240757518,-1.0,-0.7350630508588192,-0.3398913428002315,0.3727848596707913,-0.599578496091139
-1.0,0.016313150510366192,-0.28459347724952433,-0.3198623868375153,0.8633878831300368,1.0,6.611092352141535
1.0,1.0,0.6876581406653588,1.0,-1.0,-0.1700708700633431,4.473889251561355
-0.8820474787147883,-1.0,-0.800672190383116,-0.498056940249616,1.0,-0.8375781542787799,2.318420902871991
0.4493720966086171,0.4372701959480461,0.2408816859222983,1.0,1.0,0.4537687924866771,-0.6569922257879621
-0.36752205181381403,-0.7765670911661156,-1.0,-0.6730404524807385,-0.825613500449933,0.07958411024956541,-1.31964912370216
-1.0,-1.0,-1.0,-1.0,0.9064045515654584,0.7068983660198022,-5.9387188053285485
-0.6000026322598638,-1.0,0.03674993555020589,0.20832741995570547,1.0,0.10148307524306188,0.9449683520641069
-0.4859303382720157,-0.554913855282616,-0.2747648859037699,-0.18876745776199333,-0.24662985219919387,0.44964169905015955,-0.4592191392433539
-1.0,-0.467349728871286,-1.0,-1.0,0.4036617698588252,-0.8534604291116827,3.482506126853041
-0.5147651373482172,-1.0,-1.0,-1.0,0.36955656604144094,-0.940738807529391,1.8119448671537877
-0.3929424080953041,0.27342199136354806,1.0,1.0,-1.0,-1.0,-0.2524543352243809
0.7389650477352527,1.0,0.5656513755353694,1.0,0.25398535651041954,-0.4488901602741324,-2.103742555560053
-0.5038040123988758,-0.1544781843325962,-1.0,-1.0,-0.6202765754087035,0.9388858782845916,5.668361639057432
0.14929182106367977,1.0,1.0,-0.49327773874893177,1.0,-0.6365316892675333,-2.0008763854652263
0.8583615898973802,1.0,1.0,1.0,-0.6208875123000496,1.0,-1.680605023576008
0.5640383104265478,-0.32861938684941533,1.0,0.7914713866212519,0.47049497839259624,1.0,-3.2163420119910153
-0.14351659806398698,-1.0,-0.03982921406096754,-0.1217932638699537,-0.06437576046130877,-0.9524104072880586,3.537904384179585
-0.6471414914855621,0.33216613736578704,0.5601282483304925,1.0,-0.3134558063747136,-0.5843440646649349,-0.03776754065757992
-0.032478735971792294,-0.45287909290520684,1.0,0.3244839843367415,-0.9222687799836342,-0.4572464691645709,0.6893923153021553
1.0,-0.45071963013571403,0.40011159388588535,0.6286733996170917,-0.0629045730170071,0.7422365680693871,0.9064199231304061
1.0,0.8089809415749154,-0.6418347073168681,-1.0,-0.8911468251504131,-0.9338455571688226,7.360902846367032
0.39341792503548817,0.7160062064068862,0.030563421327606893,-1.0,0.7679633494129954,1.0,5.999986054046273
1.0,1.0,-0.211879454214282,1.0,-0.016568023731964088,-0.38742879748534886,3.0581123465200255
0.9835074253830773,0.7891981709956262,1.0,0.6324907870748091,0.16448956224875155,-0.20532542694098682,-0.06442912868222583
1.0,1.0,1.0,0.432049330583517,-0.0018214389055636326,-0.10408724992860019,-2.566563115685509
0.6622753586538723,1.0,1.0,0.4882680248859357,0.09011509751777974,-0.2745184745861533,-1.2281039677867178
-0.7507492522328292,-0.7373830602011835,-0.2312600936582174,-0.5347372762499846,-1.0,-1.0,2.4712463516536145
0.37789357711577765,1.0,-0.30368704600221685,1.0,-0.5292384496289965,0.01997646110987361,3.0482924299742327
0.3508369812516149,0.3024203767217155,0.3034244569126308,1.0,-0.4626642486857504,-0.16101127289682737,0.8841766157906198
-0.24323197192102936,0.770703494218322,1.0,-0.8518183037020439,0.1759556473385236,0.39863794574646033,-2.9750863759214066
1.0,0.2209254415875057,0.36473747192862493,-0.1456014719814736,-1.0,-1.0,7.24220069275744
0.011830559713410405,0.23112574795782348,1.0,0.3192262679231339,-0.06902473429199696,0.3319557872553256,-0.2896193870712957
0.04998394772723069,0.21978520282903236,-0.17700794433866052,1.0,0.6055304594697427,1.0,4.625891543213955
0.23975528979165606,-1.0,-1.0,-0.5511955263539596,-0.9016353692268623,-1.0,2.965526687748377
0.3303684868534478,0.3675726157846759,1.0,0.029403350620026414,-0.7264999793458641,-1.0,2.3899224297191384
1.0,0.15358634298868823,0.19310683588881894,-0.01325558524033088,0.6182040322556093,-1.0,2.2110745213946776
0.16470407157026923,0.9590815884331843,0.31136952504892346,0.7463869565932806,0.4404695817105049,-0.7959793109818849,0.520243329120305
-0.2556614450381519,0.17103564712993896,0.5375899677993008,0.9730324383326315,-0.6067917918410518,0.12440599179576628,-1.0908953746185819
-1.0,-0.9337118523134242,-1.0,-0.43664954906081754,-0.8510885621439005,-1.0,2.191804402570664
-0.5984486940315675,0.04850593287714691,1.0,-0.6745547119001682,0.23119491609229947,-0.11026666021129738,-0.5208098842773161
0.015823623077347082,-1.0,0.17191434566783087,0.5905481039458937,-0.08922120759929275,-0.6199876311613595,0.8731314097674355
-0.20040764904470398,-1.0,-1.0,-1.0,1.0,1.0,-0.8637793422921802
1.0,0.644883573779658,1.0,1.0,0.28406443620909827,1.0,-4.969835332721302
-0.17880925076567256,0.407321714904975,-0.9486534504569982,0.9597039153018304,0.6740353273753876,1.0,6.583072043422105
1.0,0.6740328720823554,0.27545101557103513,0.5284578115509377,-0.477642558328066,-0.5711398892616266,3.219606095115103
-1.0,0.705080656261197,-0.9032307862325621,0.716965571096361,0.6208547596815005,0.3342426418413834,1.0471927124584466
0.3922019061935358,0.9824142562711966,0.376858300219743,1.0,1.0,-0.9119202673881992,-0.7172297638051081
0.6387536108923977,1.0,1.0,1.0,-0.15238717901647691,0.23672895354564294,-2.3688721092772385
-1.0,0.01931543220983656,0.38669956283119844,-0.5695407404318955,-0.4606976675291943,-0.46816832023737043,-0.5119709793931324
-0.609522544604342,-1.0,-0.5513947983651013,-0.34567701303025244,-1.0,0.18104466975667682,-1.1504273212002283
-0.2584207424375176,1.0,0.2544203984372855,-1.0,1.0,-1.0,1.3124207620053165
0.6472612646888772,0.18109194643369209,-0.7145362599268238,-1.0,-1.0,-1.0,3.6785911815922065
0.7777183181310774,0.17881052619552806,1.0,0.014789076084151531,-0.7835523481644397,0.5650854530665204,1.8389158729659778
-0.03458410977285531,-0.6294014859858026,-0.019575302414695656,-1.0,1.0,-0.9977641260300207,6.001659235206108
1.0,0.9640295154652682,-0.6234317877505604,1.0,1.0,1.0,1.3141847106298221
0.6367491514003579,-0.7196303786632217,0.3511251408637637,0.43716936577940346,-1.0,-1.0,7.8693942753316515
-0.7098609674387495,-0.22919980727600753,0.9510107785392473,0.48797993942902673,-0.15409413415174367,-0.294316769156292,0.42462937014355945
-1.0,-1.0,-0.9490507957402884,-0.45958185765519577,-0.19513693530639076,-1.0,3.7714677429405725
1.0,0.6995936951380255,1.0,0.0051254877752527905,-1.0,-0.4164139535145065,3.389808910464286
0.9912510673698205,1.0,1.0,0.6612398894948492,-0.2533216408574166,0.43551797649436164,-2.4932815626596474
0.0716377990183612,1.0,0.33607594664372964,1.0,0.4994689523612561,1.0,-0.06177405933346891
-0.33882475330743445,-1.0,-0.2674079121597941,-1.0,1.0,0.728183708344821,-0.01920337345142109
-0.48164244878968576,-1.0,-0.3211208609337797,-1.0,0.0071394903210200145,0.028043403747118806,-2.6249064770558244
-0.18608062706347528,0.2672479489785068,-0.896936759355394,-1.0,-1.0,-1.0,-0.4274321166089233
-0.6285035207441698,0.27612150391267215,0.8565056293247855,-0.8095070055673258,-0.3071323335674716,-0.8974496478273355,0.655164052343927
0.8682840356165705,0.9632444510554743,0.3798953964844849,0.8820351144284211,-1.0,0.05770185092226354,2.680490786591025
0.31407037474173527,-0.8580861451578319,-0.4068362755628513,-0.8492461577622492,0.1298443499311337,0.4935000374122046,0.059718545321996386
-1.0,-0.29616782105302586,-0.79817823708963,-1.0,0.20709194009046927,1.0,4.25527630430689
0.3152142113737664,0.8813411335368128,-0.28866752102535953,-0.34415861707407225,1.0,1.0,6.72396802533907
-0.17682662230862145,-1.0,-0.8208550451528778,-1.0,1.0,0.5596548955110935,-2.710555323097257
-0.2764531747742307,-0.5570476886409712,-0.1176012060448059,-0.5451918020552746,-1.0,-0.5009300540043432,1.5022490693502173
-0.49271881515922056,0.6194968248651644,1.0,-1.0,-1.0,-1.0,-3.2460636115508947
1.0,0.7574197625527096,1.0,-0.7397060934616226,-0.9188418695795564,-0.8191399244515147,4.804110601834504
-0.038831079404861635,-1.0,-0.010652680500970818,-1.0,-0.32965182054428466,0.14788459030511664,0.617251661517958
0.265977287885081,0.34459328842269965,1.0,1.0,0.965440311501401,-1.0,-1.7818348707170684
-1.0,0.6708781518130331,-0.8074291815667491,-0.39900173180188203,-1.0,-0.8678577924202306,-0.034414387284562586
0.5587502555865576,-0.04577687822119897,0.5829334640583002,-0.1784728482893243,-0.6488048221967739,0.5128744247058763,0.36751187100057925
-0.3728044234565824,-0.8523492357082112,-0.07245331357486529,-0.31164943536582346,-0.505926306130629,0.2547203118271209,-0.05612996657254987
-1.0,-0.9618865957190581,0.7218676166942549,-0.5295624601898863,-0.03590061419432529,0.7831754030454973,-2.138045567376334
1.0,-0.6391125160305029,0.15711192839659538,0.042152023739461364,-0.5380486721592407,1.0,4.289588611844813
0.6797281951635945,0.23185297927586057,1.0,0.1840015068300731,-0.43518483575630473,-0.1090216367306649,1.2182082314366978
-0.8775719525285066,-0.25631010831900247,0.11522847398426128,-0.165845617027849,-1.0,-0.495688309494563,-1.4431567695244487
-0.1720558372913501,-1.0,-1.0,0.6494922871422288,1.0,1.0,4.418965944422624
-1.0,-1.0,-0.8193664860065446,-0.15198596026620348,0.8438988264457546,-0.698910097362565,0.23190912781257678
0.7173148757949854,1.0,1.0,1.0,0.19896504612176258,-0.4329442326424807,-2.619013884763693
-0.5285985810457756,-0.5028064291493289,-0.017363492326777363,-0.899460337080954,-0.6125023852756064,-0.25127288662032377,1.0274522235381924
1.0,0.6303333204991637,0.7398866697374291,0.8161123641072767,-0.7470939353481116,0.11110280288314645,1.9521098745809535
0.9739676883639722,0.08768113618183637,0.3048676487183597,-0.17890090355375785,0.24444611921607706,0.8164898794288104,0.22931336611499714
1.0,0.5537273230136679,0.8713958159956652,-0.11494402942811321,-0.3859606053142981,-1.0,5.562705932596183
0.33913986092270154,0.6195467028812617,-0.20141055392856907,-0.30487137073333315,-0.31839750852219634,0.4179989723093203,1.073887730067058
0.029182260881131405,-1.0,0.48811045965521555,0.11650487153878014,1.0,1.0,1.8824928511806482
-1.0,0.4544937736636984,-0.26346273469783543,-1.0,-1.0,-1.0,-0.6461684073672576
0.4594992392031645,1.0,0.41797850664902314,0.67786996106458,1.0,0.9661191013151122,1.383447240203163
0.11304834147901799,0.9749683285805946,0.05354063502251971,1.0,-0.17746858419843237,-0.25571130653365726,0.907320374271974
-0.7284274398114232,-0.8783009426279264,-0.16738042425568622,-0.07833476401310899,0.4459189891798068,-0.776190590452456,3.9386046859140196
-0.35743155254387904,0.6609574688729366,-0.09868905025148478,-1.0,1.0,0.5210844296081879,4.555517697301272
0.6147791299631898,1.0,0.635668873638337,1.0,-0.04243320802206374,0.08448390884510001,-1.9263615735878608
-1.0,-0.655496797806312,-1.0,-1.0,0.28249452203451686,1.0,1.6205298778378658
0.03430236684794116,-0.17466820897916946,-0.11333007219950575,-1.0,0.6167212825729974,0.46674555781427074,0.5756343699578861
-1.0,-1.0,-1.0,-0.8175009178725143,0.3562685267764114,1.0,-1.7980583661363005
-1.0,-0.08241172538529751,-0.12857868705454312,-1.0,0.9173455597946105,0.5806250583635859,4.664315628777867
0.2716596302062434,-0.597896707451221,0.06728199896516614,-1.0,-1.0,-0.7967757435105586,6.455080924064773
-1.0,-0.20767532086963073,-0.9804848222882374,-0.46201972854185736,0.09171656090633112,-0.5855518828741672,1.4745872973273046
0.17075899318883792,0.16969481353104054,-0.3341276687596205,0.6841306915574423,0.2731728076837663,-0.8830276653775482,1.5212429570028883
-0.5787561844998355,-0.2448483787222135,0.2731702121878754,-1.0,-1.0,-0.21811595487108426,1.295261708196264
1.0,0.3937479351725426,0.8943090589084505,0.7663686416110916,1.0,0.08755761405342732,-4.612632948472999
0.13669048355092406,0.08214387974101522,-1.0,-1.0,-0.10879343755633059,0.6433876674109668,1.7988990590236698
0.6905305676318405,0.6605952177958316,-0.30584301293403426,0.6078166159643325,-1.0,-0.341483674163407,2.4048949126750063
-0.12290568133383156,1.0,-1.0,0.16525464929184563,-0.8339815280398248,-0.4727288060459245,1.4216619194285605
-1.0,0.47708684236144955,1.0,-1.0,-0.3879876698886652,-0.013477034197759363,-3.4468263842123075
-0.6881451601385216,-1.0,-0.7084935214835376,-1.0,0.7811202195083478,1.0,-0.46323180197161334
-1.0,-0.6484164137995003,-1.0,-1.0,1.0,0.18801203574173986,-4.056552660256544
0.0572089584081894,-0.10171299154074841,-1.0,-0.03144402501320043,0.9720542964885075,0.1534696508631408,0.4885802364753672
-1.0,-0.48919311629191575,-0.15037041593997152,-0.4628175007849737,-1.0,-0.24213178585993878,-0.6509759024503602
0.9491879767576374,0.7063677880885479,0.5809713168139168,-0.3076065599706269,-0.4747378849271693,-0.30203215088646407,1.6111038204136852
1.0,0.8125018103782005,1.0,1.0,0.21083965447152223,0.5112064056660773,-4.243988926433896
0.5853134693760715,1.0,0.9300634512964996,1.0,-1.0,-1.0,6.416384761364501
-0.05613301332236209,0.6725118903520669,0.18761791339736833,0.6124313551819749,0.16010372584360366,0.5837022873443485,0.40380588260210826
-0.5231466567456078,-1.0,0.12162485379097299,0.2652671936591002,0.8902651412602529,0.9592129526467752,3.9880118465572743
-0.3480220978244377,-0.08466229190783486,-0.9371620720631751,-1.0,-0.0024337073099436612,-0.3671753907980645,-0.6354628702532827
1.0,0.7823258882146606,1.0,0.23779903465131147,-0.30399831550852086,0.33780884093942587,-0.01635538603620379
0.5597956356616903,-0.21901948203263466,0.011591829670639264,0.7899742357760812,-0.593065053717435,1.0,5.578689327304129
0.358129955836443,-1.0,-1.0,-0.672029658496847,-1.0,-0.5446002848775866,3.3637197416599354
-1.0,-0.27042232207263384,0.019145610792725865,0.26754808258242935,-1.0,-1.0,-1.8084063808342759
-0.33435254680942,1.0,0.7691291120980828,1.0,0.1510048234310547,-1.0,0.2635251111653979
0.35135598620468733,0.03352311559291593,0.43092303350592936,1.0,-1.0,-0.7572276573675191,3.6676672739588856
1.0,1.0,0.8484929957860597,1.0,1.0,1.0,-7.051625573101794
0.2659755161650881,-0.2540340608121683,0.36059265264578905,-0.1679106603964836,1.0,0.7155477788925588,-0.5049697679337006
-0.7115385723821535,0.8416108983055114,1.0,0.5449971615911124,1.0,0.7924822407889727,-2.977151393261373
-1.0,0.01567319267321232,-0.249313539987579,0.0364265088977771,-0.5962355586965262,-1.0,0.5159718505712169
0.07707040902273965,1.0,0.23977702585385752,1.0,-0.21282643511952692,-1.0,3.242616556282016
0.6072140192009146,1.0,-0.6735398244091233,-0.46653987207251074,-0.18786749849332124,-1.0,1.4813436899155992
0.7633729501140734,0.3536231891778667,0.5417230786588199,1.0,0.359960666358091,-0.5870300628852563,0.24915153142188473
1.0,-0.0755150083250018,-0.18557606101918958,0.037409986599844625,-0.03591585251608853,-0.10851034676388749,1.2004683131187401
0.46539190959889193,0.6803534017410587,0.7086668290223102,-0.31785343573595665,-0.9834879890551285,-0.6746787528434097,2.26295239050844
1.0,1.0,0.39269934580759247,0.8551485371710271,-0.17417211887792672,-0.6186693936537215,3.1823145277209304
-0.5816829521444367,-0.7100285507791548,-0.2430196404194036,-0.13912283652719504,0.3663738318505691,1.0,3.0328286952141577
0.8045344069663736,0.955689493095486,1.0,-0.043688428568808946,-0.6209601729142751,0.07385157779710422,-0.27928257196433837
0.5483553740867527,0.4616346301227368,-0.8801890037871238,0.3422626056606015,0.6019986153747463,-0.599458933041257,-1.6694718707597695
0.9602162240567843,1.0,0.5688631645063286,0.7473193698389209,-1.0,-1.0,8.04551041796063
1.0,0.25781803140697235,0.608769805323099,1.0,0.7428200265935502,-0.8114254620725919,-0.055644060824109706
1.0,0.06133265649261266,1.0,0.18088408262465716,-0.08053729452146194,-0.31069061015739946,1.8433309745679185
-0.46170154751697107,0.6356375708256203,-0.4268588802865857,1.0,0.2990902085696636,0.36463374427907147,0.4940285708184614
0.023655890619289854,-0.020232659951457094,-0.4410660155475241,1.0,0.25462011779237004,0.28566889689400954,0.42613002904587105
-0.996873405466229,1.0,-0.47133540148574715,-1.0,-1.0,0.3922546407682814,2.8461473346162487
-0.7936000065054629,-0.32163664075085896,0.029760053475931025,0.9328150733991281,0.8322764093359659,-1.0,4.788664392365472
-0.08826567565392024,-0.7319433771033206,-0.7339242678735636,0.39859771962265883,-0.26606609628812616,0.15333201041348898,-1.3926384204417706
0.07065159015026756,1.0,0.14445655738265284,1.0,1.0,0.7476901841805217,1.4487875691646142
0.3553446965085014,1.0,0.588551764847075,1.0,-0.085420870269802,-0.5925684425570551,0.46827218476519794
0.9991370703525975,1.0,1.0,1.0,-1.0,-0.2044738181262511,5.513426398950063
-0.7216406815964469,0.1913402497423914,-0.7473449547992157,-0.6153576615939004,-0.3765352561374577,-0.48138235052229594,-1.7255496885866413
-0.6018782152972829,-0.7658685791871402,0.22287961985356844,-1.0,1.0,0.6477879810091633,2.0689294745943023
-0.9361423887275033,-1.0,-1.0,-0.8502969336736557,-0.31671282634288156,-1.0,3.045707238098607
0.781922962374302,1.0,1.0,1.0,1.0,-0.32074944711569253,-5.969926870051275
-0.4800432499474975,-0.9916228902902597,-0.03155758894756233,-0.6887557215403706,-0.991175220589005,0.8332889403719905,1.7680730884262794
-1.0,0.533119171597395,1.0,-0.45034829933597137,1.0,0.5473811251799277,-1.5489673664026502
0.0731335078092652,-0.6566418496128126,-0.1617934522494104,-0.19935302809693456,1.0,0.39735666204320297,-0.5220305370342607
-1.0,-0.823428196332485,-1.0,-0.7235764735234859,-0.3078696551161896,0.22428377869205185,-4.817561053736434
-1.0,-1.0,-0.2264925728466487,-0.2009097423068038,-0.18922184041992654,0.7959136363129025,-2.2702079354998936
-1.0,-1.0,-0.7478728248122427,0.4209097011944583,-0.18616749814081146,-1.0,1.3321821050533538
-0.314627768036307,-0.9025357029368877,-0.9150930338850436,0.7405519733328889,-1.0,-0.23690139382350328,-3.6140406002435785
-1.0,-1.0,-1.0,-0.43642397882011386,0.2566902563272393,-0.7502796473431814,-0.44124172990043076
-1.0,-1.0,-1.0,-0.5761967649772459,1.0,1.0,1.8964990969872217
-0.5729484064849706,-0.46911390401552766,-0.7771936038252357,-1.0,0.28289014138981317,-0.10223236345012754,-1.3072267025378095
-0.23146173211317433,-0.3852318248180146,-1.0,-0.6293237479544657,-1.0,-0.8650461901722324,1.2096404363081403
1.0,0.9355400746862221,1.0,0.6709292506604414,1.0,0.7615639410922355,-7.446456019999387
1.0,1.0,0.9440758234235814,1.0,0.8332391913508261,0.7568358598428793,-8.428156889562699
-0.856657989599664,0.9121274612120532,1.0,0.16860342061909428,-0.4852908397718978,-1.0,-0.5300995155701448
0.42247275796284645,-1.0,-0.3220908469597257,-1.0,1.0,0.15586661008116054,-1.879857101376545
-0.876016638238024,-0.8203531785048501,-0.4627880781225908,-0.7843220533980246,1.0,1.0,3.022710418212353
-0.033756321184291505,0.27660510549054873,0.7098507014294066,0.8321742396025689,1.0,1.0,1.8254417435079884
-0.5440207188584616,0.6578649760517739,-0.2992589212870589,0.6351912669292046,-0.2723249766236569,0.2546406257828343,0.2601816460784609
1.0,0.7697862244385671,0.7934160819017915,0.3838612087510693,-0.9355132174968802,0.31831563768000526,2.3560200873118293
-0.30009627989038556,1.0,1.0,0.976309696614544,-0.3229494734001714,0.6686895673806159,-5.63250349349879
0.2510162609689459,0.3765139868284911,-0.5542544068383422,1.0,1.0,0.6975606839636189,1.1360382855430493
-0.9022132171544893,-0.16916807764817232,-0.9327310051530473,-0.09874749727073145,-1.0,-1.0,1.6066359768369152
-1.0,-0.22966185347037915,0.09553905707333787,0.01087510183526419,-0.874093283600232,-1.0,-0.47237304653415163
-0.86303759069094,0.5161813804319463,0.6406395724808267,0.2149833021596055,-0.5782329848319596,0.8858603241094725,-1.8384982989546064
-1.0,-0.8278916830486167,-0.9334552008775483,-0.43829785282904554,0.8963683709887006,1.0,3.231284838513264
0.04414734702609363,-1.0,0.4026470044453548,0.03951417629266507,0.721551521890085,0.4026805176157918,1.03609298935147
-0.671077853470103,-0.9682847175746274,-0.32776733593402985,-0.19020901931335332,-0.09405971537478053,0.5935877365028546,-1.1951731385472852
0.6450496326150299,0.2347544739112719,0.7641495609208364,0.4766574892664721,0.7930988906941584,0.45501296443664685,-2.5595422730123514
1.0,0.9849641593440568,1.0,-0.0008249732287529676,-0.477690573209802,-0.7279230031430578,2.081432171273355
0.06211870148777743,0.8728621651714092,0.21262603384462722,0.025068334364895084,-0.04645276189506431,1.0,2.899395212270806
0.8235436884040387,-0.5549033404121035,-0.7074255883358652,0.51328397469495,1.0,0.477041618058641,-2.3117931817917765
0.3379679122609609,0.38381459502870446,0.3315545646721909,0.34379196078092944,1.0,1.0,3.146235614935229
-0.32869166749226386,-0.36872156488904695,-0.4647929760188183,0.606713082181596,0.9931470308750612,0.9354152109528681,5.629842420413024
0.18122698327056352,1.0,1.0,1.0,0.9539575400071144,-1.0,-5.601607037139904
0.8929386605743299,0.1926141907628502,1.0,-0.16833360090010313,-0.3479643325514381,0.48508080115785474,0.04043330345262669
1.0,0.9522388280176728,1.0,1.0,0.251540431717417,-0.11248272338218501,-2.8198828435970906
0.7127370033147719,0.14790160230080812,0.5164955091092456,0.86525539249508,0.2840211169849607,1.0,0.4075374912514894
1.0,0.11074762525751836,1.0,1.0,-0.5746585328757771,0.02303642582284171,2.1291959026190845
-0.1363791920923988,0.6229224294515834,0.5423636608656632,0.25262515564716914,-1.0,-1.0,1.282105743213838
1.0,0.2651336489933871,-0.22590428140154245,1.0,0.7989321938515019,0.5486253429389523,-0.5543682887060157
0.9248130899556068,1.0,0.6722411028536179,-0.1879880745053758,1.0,0.955433465988742,-1.2063463993860783
1.0,0.21640633502397327,0.0922727525218909,0.9264853867004729,0.944767799979936,0.7128978266594888,-2.154283100053081
-1.0,-0.7965614375382473,1.0,-0.24755728333660953,-1.0,0.375406432170572,-4.243194362284673
0.3632650820133776,1.0,1.0,0.7930722230058809,1.0,0.7084108332865053,-6.33095446724462
-1.0,-0.2820910528225576,-0.9699601770441144,-0.5651793707375128,-0.8471850201373889,-0.06731704963680873,-1.2648693812821215
0.3286157684301302,1.0,0.22931052358888904,0.8830768476019658,-1.0,-0.7581386017995124,4.101556930750436
1.0,1.0,-0.34983004271887097,0.4927592722074837,-1.0,-0.5057652564853141,5.199416966387863
0.05646633989048455,1.0,0.09888551247020261,0.1681492035142007,0.14893867694677065,0.5253366352630002,0.5043899285536226
-1.0,-1.0,-0.5694326924713446,-0.22255989860109193,0.361141764113194,-0.6206841643603419,0.5781862957298574
-0.25571043246444497,-0.21659462596014945,0.9715882758125101,-0.29713079959869154,-0.44498642535936905,0.023334803660528786,0.14889284480427822
0.46342619449352984,1.0,1.0,0.6793473125569846,-1.0,-0.38193947992847577,0.20052237098608588
0.9297902030053242,-0.22486790773361331,-0.051871215141981675,0.6811578212745067,-0.9399254992925756,-0.19032867985706883,3.2525940033131406
-0.21630646046947455,-0.640370712534404,-0.5217027772091297,-0.6833857440003844,0.1041465565986599,0.8264434288327072,0.6549614440925235
0.83738982866652,1.0,-0.046446960123774333,0.3542279716247304,-0.5753935143920584,-0.1746002719713644,2.289418623318899
-0.7486675674280789,-1.0,0.07310606520726715,0.42121034573708344,0.8213807067264183,1.0,3.915959211004336
0.3463857902371673,0.43003875569591643,0.17962469369915457,1.0,1.0,-0.4800037195107611,0.8770269881351963
-1.0,-1.0,-1.0,-0.12155073537312855,-1.0,-1.0,-0.9146355533187844
-0.010788156650020364,-0.5813620321044153,0.061904647451095834,0.6897288925270624,-0.8242311079443528,-0.5047327424407679,1.9869059206327442
0.35037893594624187,-0.21006317881730657,0.6370909040570104,-0.09981663682103675,0.41789034714939244,1.0,0.02336546610442064
-0.9189318341949211,0.28472396150789847,-0.2765769748856475,0.09348928969232095,0.7936714746366764,-0.8872119614597057,3.436686790544677
-0.09195620783072206,0.4174098657677492,-0.5777031500682086,-0.6409477102415769,0.7732974935716697,-0.2289934132601526,0.8653829600402856
-0.11968524457558352,0.3870331042211125,0.8379501483211058,-0.02833454049952075,-1.0,-1.0,0.6670401765364156
-0.5884232176034184,-0.7784711621107413,0.35569582535609967,0.37358933425450247,-1.0,-1.0,0.7235611373315092
1.0,-0.7625761631951677,1.0,1.0,-1.0,-0.4566634755365973,9.535198024985489
-0.2556003791174878,-0.34588301099800195,-1.0,-0.1413370085321243,-0.7273167948174402,-0.25246645278807167,-1.7611974391216345
-0.629081053412281,-0.6768254232736243,0.3212961093414046,-0.5552376039827767,0.9026844931883617,-0.006940463888709725,2.1876846222450603
1.0,0.8955628841087963,-0.3358525014333447,0.40367580985360507,-0.43989667835077295,-0.5008639429000619,3.690331730370098
0.13653453109592534,0.03853777638531497,-0.2895740271725712,0.008888999226956844,-0.04246670806577357,0.6775393734271147,1.93108825798693
0.3270202411590113,1.0,0.5585748415143515,0.11876570396522657,-0.09640033731667183,0.28831586551555277,-0.16455013466596347
-0.08373112577173758,-1.0,-0.2088600777575479,-0.5314508794547335,-1.0,1.0,4.633038872454589
-0.5357633109666013,-0.09892273278303909,1.0,-0.7933310721134788,1.0,0.01992570151251205,-0.21845058327186626
0.3293278573407663,0.803307193858525,-0.257034374526914,0.17215390156909227,-0.41560163455366417,0.5341189951772988,1.730529484805754
0.14646419868033544,1.0,0.9617334889366858,0.19721970281526635,0.6431353089520011,1.0,-2.949866179433453
-1.0,0.3820889091712645,0.8401920001622905,-0.727259658866718,0.8922698187887732,-0.08565434041387476,0.5061772283282089
-0.39598448828077704,-1.0,-1.0,-0.7251683932902602,-1.0,1.0,4.121781021228681
-0.2749323311832674,-0.7499334864525299,-1.0,-0.3056016273254071,-0.5164847850379677,-0.2892260972508356,-0.5960733148197246
-1.0,-0.7842046888430385,-0.29524919622728985,-1.0,0.5142458706526278,-0.04977287727883686,-0.3839387008241255
1.0,0.6343204719804031,0.264599692596092,0.09523610809830058,0.9577431612971297,-0.5832384722376036,-1.3559942024979794
0.40448362192298376,1.0,-0.5495323516470277,0.474498336203071,-0.12423569402263801,-0.40474927073455524,1.1063566895863373
0.01641513094058529,0.5601409544496535,0.14938269868535542,-0.5741945002327158,-0.37341683989401264,-0.18229413229390806,-0.31935710795311006
-0.7870529703675987,0.1604822237359267,0.30744942059473335,-1.0,-1.0,-1.0,-0.1777324975063181
1.0,0.22068563065525792,-0.436865921881228,0.3989301757339109,1.0,1.0,-0.23548667150779956
-1.0,-0.9830864501885344,-0.5184467972457873,-1.0,0.23786133105524093,0.6630502175950386,-3.499254595347509
-1.0,0.36200783446856305,0.6913554220034717,0.5956529204777634,-1.0,-0.21462465875824194,-2.503455580337236
-1.0,-0.8338179593379651,-0.9304573668663711,-1.0,1.0,0.060419941246830366,-4.356607775801056
0.506115992652443,-0.22720978101687284,-0.894628482486215,0.9616978856144137,0.8990079742788601,-0.33889549088563836,-2.380413842292943
-1.0,-1.0,0.06132139223334378,-1.0,-0.1946593760490674,0.304565252345092,-2.7988493494335343
0.8888719966072056,-0.21288360046686514,0.6160766079280932,0.8714557372737021,-0.08149072902318111,1.0,0.9953540000798804
0.3755045165794169,1.0,0.3977545961393632,0.16286463948626428,1.0,-0.4567829169837999,-0.7086004904113562
0.17348872702194482,-0.6472819380106067,-0.4834062006894131,-0.34502104281604096,-1.0,0.3451379643278451,0.8781485455875093
0.38231234999906416,0.7427747953504777,1.0,0.4247795909723562,0.45509693289359754,-1.0,0.3939409312819433
-0.7058439953950085,-0.37842347388844066,-0.6645674997664117,-1.0,0.5128974378503653,-1.0,5.078044459513871
0.8970761979633832,0.6816105352800232,0.7222416479048872,1.0,0.09943952881057694,0.2973883453494277,-2.2993086042268303
-0.25930023895366305,-0.9296295086918005,-0.377129690126811,0.38545447341631967,0.42924155382444795,0.3392447416564147,0.47100113978044444
1.0,0.2753823295951937,1.0,0.8123928548077184,-0.11012059159655241,-1.0,4.023362125386419
0.616616836236949,-0.050989078256625825,0.7169094017446745,0.7226112293559757,-0.10664851929571945,-0.39470459635221294,1.043885373346475
-0.3187323577407428,-0.6750516230919088,0.5348001840613218,-1.0,-0.20992117513744685,0.6387962740896309,-2.021741302464684
0.8309617537486993,0.8052128130711356,1.0,0.3958371243237728,1.0,0.4454957944639406,-5.121319026208803
-0.6153278385219716,-0.533675680399331,-0.18927813604410293,-0.9612602116295912,0.004300105065584314,-0.9470538839938432,4.001545322476033
-0.9206146017940144,0.12331105761296629,0.5347373850486083,-1.0,-1.0,-0.38138967485224584,-0.4778877421989711
-1.0,-0.7331121523512265,-1.0,-0.12168638518276909,-1.0,-0.4930734064987553,-3.895120108675873
0.41184585334549845,-0.24269908880748348,1.0,-0.8696266860047905,1.0,0.42407117859610316,-2.5995816926646635
0.31293930385314095,-0.5527465566371114,1.0,-1.0,0.3489709773322998,0.8001337956537088,-4.43061823951595
1.0,-0.35986902110860897,0.47083505736242015,0.9478375197417641,-0.29395061632991953,-0.16163033159000822,2.089943406065438
0.744611979230862,-0.24049633853058977,0.27619545906058074,0.041647505165102794,1.0,1.0,0.05835958573268188
0.6473338256599959,-0.23608961306230247,-1.0,0.13488310391357322,-0.6224835133150763,0.4545274815298659,1.5503312235712063
0.13800644070153534,0.2613312004292442,-0.05772949337815292,0.8149825045861028,-0.4715174666314782,-0.8184357781518683,1.3533087889153697
-0.09636983383578587,1.0,0.5926226577435836,0.28711162021282155,-0.26692915228313185,0.6718941105412612,-1.2212906648108255
-0.8264454141195723,-0.6936979605238243,-0.588556819747138,-1.0,0.33288535899724614,-1.0,3.6572038016102386
0.44997345661252075,-0.5559173049294508,-1.0,0.3618380374978355,0.12191611578142325,0.9768699804233413,5.423251974913182
-1.0,0.8426278222855174,0.883589147610503,-0.13371152429488098,1.0,-1.0,1.2603870449445096
-0.03284237222156633,-0.07022419654133377,-0.5077329516397473,-0.8738078900292011,-0.849598187684889,-0.27003980426593677,0.6831937944588656
-0.49253222173378103,-1.0,-0.20134584528627503,0.4344303477746009,0.1395660354005784,0.8625568712910552,0.8011480938525914
-0.3464526072087013,-1.0,-0.08530637365157379,-0.49582989092986907,0.6307364367014024,-0.7236022087265246,3.0711396521270315
1.0,1.0,0.2238140463241161,-0.052519973048850366,1.0,1.0,1.3372207940437415
0.5086885017600113,0.1562337867344843,0.03097658070307807,0.7340369820057853,0.1533624300780524,0.15860418920667907,-0.20368745251655757
-1.0,-0.5963010113965992,0.3096224443925745,-1.0,-0.5265944651186849,-0.45152734403090994,0.4481946192288354
0.5172882091882933,-0.23291492361671168,0.020697835175490065,-0.5124589371881607,-1.0,-1.0,5.641995710018565
-0.26553638870764795,0.6443700539423125,0.050370237905783544,0.7235328204584561,-0.8311513849514152,-0.5736186995907013,1.161335745612893
-1.0,-0.7817477189407582,-0.6385853925046411,-1.0,-0.9884276761443638,-0.16321692458748432,-0.49455693544687407
0.5632599600253207,-0.5567219232261859,0.3649458985566126,-0.5516555540152104,-0.9340691405934025,0.7214174474062495,4.30413068037176
0.7198456377898366,1.0,0.9208339594041143,0.6035947353187465,1.0,-0.24500007038474864,-4.3298302616010025
-0.4086039035562985,0.38931710951014725,0.11978991925902388,0.17409530278867777,0.9228098577614128,1.0,5.295024125162765
-1.0,-1.0,-0.3417373004682265,0.6552225580442206,0.4483204792057134,-0.953168331205293,3.4946457529490877
-0.890917634340695,-0.1394202657029393,-1.0,-0.8996231340138368,0.3615412777430771,0.27037337720410703,-1.0292396131865207
1.0,0.5590337008436344,0.10030503598180851,-0.33364358164607644,0.6878435778506762,1.0,1.529871818857328
0.3016595760060311,-0.38535629508891933,0.011359563957991092,0.4295269800070032,0.7599665878235119,1.0,2.8458687873395574
-0.696904628023743,0.5865354513623464,-1.0,0.4427896201305417,1.0,1.0,10.874934677613135
0.9149437931775128,0.32755472089295556,-0.6119065451266236,0.15909583293775842,-1.0,0.5798516106168916,4.4681764915910165
1.0,1.0,0.06835040419389829,0.4384058386210481,-0.34843647112592113,-1.0,6.852634371466651
-1.0,-1.0,-0.16208411119205124,-1.0,-0.4947607349458325,1.0,-2.9565418816827886
-0.8540337757880709,-0.42638884683836764,-1.0,-0.8927823181403061,-0.023462055918371097,0.18431732239865561,-3.550821781002547
-0.21515212174905926,0.08730195155188303,0.09582599574242179,0.9951854238261126,-1.0,-0.9447841193250063,2.5734185993420593
0.4418311291274415,0.5549741202318257,0.32899030220712855,1.0,1.0,0.9076579692520917,2.031597980556868
-0.038522792494575464,-1.0,-1.0,-0.8121091690889343,-0.1351755927273352,0.17966985510736322,-3.448578455076045
1.0,0.09342026296075334,-0.3454523345140992,0.7843710103592295,0.4036526691634339,0.30576996946192975,-1.067659271566606
1.0,1.0,-0.27676101640568446,-0.4857722633358718,1.0,1.0,4.4147170050986135
-0.2860726457369697,-1.0,0.2439568969545029,-0.536018589785745,1.0,-0.9208912124001034,5.670784314311435
-0.457677133111827,-1.0,-0.23501807183394918,-1.0,1.0,0.38116411078731005,0.05715516798068617
0.5487635453950972,0.0020406733809831823,1.0,0.31840913377379376,-0.9502078328138398,-1.0,3.3834541326098515
1.0,0.8950984778725974,1.0,1.0,0.31641321741808937,-0.19939927797172668,-3.4127754336698577
0.9033968367336365,1.0,1.0,0.691692100128179,-0.9710295953709952,-0.9053218637124111,4.441144297020415
0.35467254432134565,0.5103645018395044,-0.12922319506550317,0.04325686910229343,0.5724030115001866,0.9616675185227528,2.7393091271705985
1.0,0.45425736130202754,0.7340481993620586,0.19722767277307163,1.0,1.0,-3.1840561087419066
-0.634668783026966,0.32516060122933194,0.7629734188844638,1.0,0.8172434724586113,-0.3082805745533283,-0.719073072498242
-0.6199839325504808,-0.194473713213274,0.6435927479955034,-0.3500412430011763,1.0,1.0,2.600226736905604
0.11820805519140376,0.37889117727779575,-0.023725489381467124,1.0,-0.32364813680790006,1.0,2.423550266682613
1.0,1.0,0.46634453241699747,1.0,-0.4128756428354664,-0.2885644802034205,2.278603703372727
-1.0,-0.6024698517914521,-0.060504832989541235,-0.09128794514338057,-0.7702363695699552,0.6847420117200593,-1.9616708508982221
-0.8360935197552677,-0.6288917184733177,-1.0,-1.0,0.9692403483357689,1.0,3.9313260575330173
-0.09259496196778638,0.3317096580137129,0.23892688634608525,0.3082873677695905,0.8944931774052445,0.4492253670680094,0.9503520781796668
0.3031959864023124,-0.41078535868090027,-0.2811068715344775,-0.6160714623244044,-0.8759279039056288,1.0,5.424804559842588
0.8987879158833083,1.0,1.0,1.0,1.0,-0.20060276921855985,-7.104561135258504
0.19312668992181248,1.0,1.0,0.9748607863155827,0.5729928675126444,0.7987331425429749,-6.090836684881811
1.0,0.021579143027717462,0.06702103199067033,1.0,0.10406705694959623,0.3752070574075015,-0.10905084653826197
-1.0,-0.2318029277065945,-0.9661779240240317,0.17404645456978862,-0.8814011878551584,0.3421079857341632,-2.536359890719762
-0.25791102810302213,-1.0,-0.6194128742877409,-1.0,-0.3022575012384744,-1.0,3.1014481499026445
-0.8653136107948087,-0.07145440319509427,-0.672505711337243,0.06820784397849457,-1.0,-0.12490495039149585,-2.880796154274033
1.0,0.5481852414034167,1.0,1.0,-0.5541519528963732,-0.8122198970763063,6.24743383117986
-1.0,-1.0,0.7693544979952989,-1.0,-1.0,-1.0,8.095278150083931
-0.9986479553324732,-1.0,-0.1647229419201175,-0.6440576189894206,0.5353445838089814,0.07049385088727872,0.007899961406189426
-1.0,-0.28676372737846534,-0.5909077663351807,-1.0,-0.1360295843757463,-0.709831242127015,0.834203802579468
0.7398798431735708,0.8227820516410123,0.04010028168288926,-0.2501166508875361,-0.13024684827646416,-0.9043982230190323,1.5305660691479623
-1.0,-1.0,-1.0,0.7434413124278227,-0.14901104702789153,0.3618761754205582,-5.166711603058794
0.07134173191062754,1.0,1.0,1.0,1.0,-0.5097543793756921,-4.9420186564020945
-0.2556005265900927,-1.0,0.040618981796020415,-0.2918331976190034,-1.0,-1.0,4.251788490702791
-0.24869803413786606,0.5857144158161798,0.5647412381415499,-0.9314300773537885,-1.0,-0.026395728315559308,0.6666425810584156
-0.14755128992675182,-0.5101812386044811,1.0,-0.19992269993591494,0.10753393721798765,1.0,-1.3972795147063561
0.87985639081222,0.9786187650891567,-1.0,-0.6642589299135739,-1.0,-1.0,4.734484020324544
-1.0,-1.0,0.19007849875038652,-1.0,1.0,0.7922553214977494,1.5895207406538725
0.560095666801204,-0.04234500302483035,0.9013600775545041,-0.9970774270113962,0.4876310316972755,0.40129825590852725,-2.7581751118011106
-0.5389284234554068,0.5868553842946261,-0.035692787799985026,1.0,1.0,1.0,6.8619886982718885
-0.8029919181518295,-0.08999985562815649,-0.46421246783960163,0.40256498488376624,1.0,-0.005910379297858471,2.0733383553084006
1.0,0.9381553647314242,0.2219743033196806,1.0,-1.0,-1.0,10.735301644666361
1.0,0.34062937552756667,0.7612469070057002,0.4556323935957508,-1.0,-0.003044769442783979,3.7940124623961298
-0.1480048046290513,-0.3146243058688385,-0.357700188598993,-0.20739749538296004,0.053615857891802565,0.32242757452191906,0.3657336868652755
-0.13834060106997936,-0.15334480130985645,0.7831000432167424,0.6816423633245466,-1.0,-0.4612826798735823,-0.3809371616295671
-0.12768416533739568,-0.3748095870628927,-1.0,-1.0,-0.2943770795621595,0.36682540124994306,-0.17976655520336993
-0.12740380870135293,-0.2200781835711476,0.9392994130806235,-0.5509531429274753,-0.9490374558099106,-1.0,0.7459987402967452
-0.8672074480800487,-1.0,-1.0,-0.22331890053600564,-1.0,-0.24603026251173055,-4.092525560660557
-0.3656132007005172,0.32700063582900174,-0.8255758310527357,-0.7206895132874139,0.523146954019017,0.1733104237438443,1.3535719498353738
-0.028276134684118936,-1.0,-1.0,-1.0,-1.0,-0.7834273027659004,5.123056924696815
-0.6244806686995273,-1.0,1.0,0.3211679944991101,-1.0,-1.0,1.6100549462985216
0.0547227065419017,1.0,0.20062057826974988,1.0,-0.2944484342828383,-0.8111473999936623,1.749298748598807
1.0,0.251801015802335,1.0,-0.7221897177815682,-0.8683761004405821,0.009400674933401354,2.342085414225823
0.46016749762207015,1.0,-0.9600157474254791,0.6161827330408383,0.916192000450244,0.5244937692990836,1.2352906782349875
-0.2889152714135277,-0.4847776875961673,-0.14704314641018945,-0.13609142913129169,-0.5491226641673521,-0.735438166794803,1.5831089914616001
-0.8479326664794538,-1.0,-0.35360532207632733,-0.3657191293102844,0.09010597379421093,0.15992766029787386,-1.3081588616829565
0.04045626264198621,1.0,0.6503048681694124,1.0,-1.0,-0.33515792979655556,0.9891816062082603
1.0,-0.4937160543749283,0.19998390811747974,0.5243154884295412,0.18566694663117267,0.9006437508568816,0.8209196228966917
-0.13479465057063753,0.17776536951291483,0.6336637903119255,0.43903239772747893,-0.9774152917367223,-0.36575662528832725,-1.376095756155341
0.00981907928696435,0.4677930305503334,0.04208948661693557,-0.7030257123798822,-0.6501315750557077,0.6253818336377857,1.5135488542329822
0.593340894654351,0.8459635757703827,0.5594287154386413,0.6912907681130027,-1.0,-1.0,4.681802101060477
-0.8652208319636203,0.983204791808669,-0.03452051117353443,0.8999166068466368,-0.21431703526435122,-0.07743467745501043,-0.42596673006766284
1.0,0.8953953538148054,-0.18998799910791725,-0.31483044575934976,-0.5277949701905129,-1.0,4.250429527091099
-0.6047333738944655,-0.37808306054039553,-0.35766218344169487,-0.5387095655994476,-0.5179770374597105,-0.9811513248746958,2.2942253533372887
1.0,0.893367004473397,1.0,1.0,-0.32529254003551134,0.20188536600920326,-1.0247599964173157
0.6516985107245898,1.0,0.47792838265399873,0.6347460584351877,-0.08526703659853896,0.1136618092308499,-0.532695822424829
1.0,-0.07051568038433936,0.8802502670646719,0.7256665374929125,-0.5507533348648946,-0.6345803306216687,4.914869125954089
-0.32415438284325293,-1.0,-1.0,-0.14260859452265207,-0.8291526166149321,-0.9215801934210206,0.8557794230264273
-0.14262793716950417,0.5187426624122898,1.0,1.0,-1.0,-0.07664155844103737,-1.7884934118143323
-0.3024743406182331,-1.0,-1.0,-1.0,-1.0,-1.0,4.986250558849568
-0.4126704104956145,0.18024267369585478,0.6215654631752431,0.4425723483457974,0.30844112983089156,0.7137806632476591,0.9044385028545954
0.8284402939678921,1.0,1.0,1.0,0.34330339521717124,-1.0,-2.1102977528673206
-0.33657769518423253,0.6272067593799872,-1.0,-1.0,0.43840301329681497,0.2683361690326391,2.1238216190835306
-1.0,-0.5771002557457671,-0.6055429623680342,0.5409376093940439,-0.5067008616401405,-0.075273049525718,-2.6361427918086417
-1.0,-0.01909251059852113,-1.0,0.5088711915877623,1.0,0.08592451462118267,-1.209719706762958
0.9310182796587432,0.14564156680926965,0.10792996850007142,0.32940129318504985,0.05949376953082608,1.0,3.2584841290931728
1.0,0.87063979692509,0.19169985790645894,1.0,-0.2717319139757759,-1.0,8.57693650489257
0.26683510985507963,-0.17626385472036377,1.0,1.0,0.26464244079047305,-0.12036814523083927,-1.2591135576267993
-0.5838114864911339,-0.7329687810435734,0.5291759259880952,-0.5894506641258497,0.8008767216443924,0.7011066901260901,1.0709380866975606
0.7289763925536477,0.6218358159754247,1.0,0.9076649906365928,0.7041959080408641,0.29424029573555616,-4.29374797077145
0.717935460707005,0.4515962549003828,0.9668255836941062,-0.48917480841611155,-1.0,-1.0,3.662245601271036
1.0,1.0,-1.0,1.0,-1.0,0.6335136248796678,9.479994906957055
0.10029558533264452,0.5705764875483883,0.4211937112366175,-0.1329574608731543,0.201037557201784,-0.5139012054032643,1.0891547529263665
-0.7582794125034493,-0.6741596231723938,-1.0,-1.0,0.30680305720314693,-0.06400145659487941,-3.2485687544580166
0.9501307205976587,0.5268151845519482,0.39306370319690465,0.7278660065552007,1.0,1.0,-0.5283762143765243
-1.0,-0.2059436901079282,-0.37865443267512156,-0.31968382844849585,0.8664425561270571,0.11808051952433651,1.9224339371731423
-0.1863689643956511,-1.0,-0.5284719402711937,0.5524301896666357,-1.0,-0.5392442285521817,-0.7746014055032728
-1.0,-1.0,-0.31761750907100905,-1.0,0.120113824222336,1.0,-3.459850461988442
0.2545603881684356,0.021874409997990174,-0.048925438107120016,0.3527788076174254,-0.31735117814271985,-0.9063951847208265,2.722784946979001
0.7318348970044446,-0.30081645248060457,0.3954976345084482,-0.6483805298540635,0.45308655227073336,0.6668768145527868,-1.0445972423798968
1.0,1.0,1.0,1.0,0.7722472000739523,1.0,-10.005394018494878
0.90969007080453,-0.2213022487092306,0.987759200765701,-0.06861292845007712,-1.0,-0.8734151259824994,7.534748060921469
0.7753807598458592,0.6125912776717239,-0.7077739444200862,-1.0,1.0,1.0,5.740885564956006
1.0,-0.542914092404607,0.3112399076825827,1.0,-0.030452216860565318,-0.5587553282341096,2.5813458311466304
0.8122769093845084,0.7143707457946997,0.5926768593095245,1.0,0.8168882067896626,0.23658310083542344,-3.476439240937805
0.4609963564797033,-1.0,1.0,1.0,-0.4541182431911941,0.14330759115722158,2.8756877771520353
0.1704140273815069,1.0,1.0,0.5496745590683059,0.695808148459871,0.05316006977779908,-4.062899688299883
0.7568241987037007,1.0,1.0,0.29757304826627445,0.16524494387353084,0.7207622479108873,-4.198185178688541
1.0,0.7820498585264444,0.5184081807648147,0.4378867561644235,0.6721907373902509,1.0,-0.7169601801537602
-0.9406715657795945,-0.39061394209340494,-0.42365901563838126,-1.0,-1.0,0.2230749415425674,-0.5038129865738061
0.47688177214065863,-0.1506994227492009,-0.6616494647883215,0.9144844120212038,-1.0,-0.3869434968405856,1.5125541822653832
-0.4034452411553503,-0.5492267182258026,-1.0,-1.0,-0.5350176605023615,-0.3059437019776794,-0.8806406422303291
1.0,-0.10272504419240214,1.0,0.27506609705629237,0.5970997998762908,0.5120154518984621,-3.5498008936091416
0.525493109499821,0.5776518448097941,0.5649008219870353,0.508017230330877,0.17413568644011845,0.8944113352306423,0.1910991788291388
0.6779320596176832,-0.34441993783203956,0.7979609288928126,0.11777110823372372,1.0,0.6655651231788855,-3.1876875756363394
-1.0,-1.0,-1.0,-1.0,0.536334093005042,-0.16280944879235099,-6.78023001811741
1.0,-0.06451152552118788,0.06812597457296321,0.14326349777620906,-1.0,-1.0,7.534004640812471
0.8854729736480853,1.0,-1.0,-0.29213741628955725,-0.2937875533180232,-0.7673213141953219,3.2345281707772244
-1.0,-1.0,-1.0,-0.5095569865986542,-0.9135692699806242,-1.0,2.0352597108119124
0.01674827378077781,0.4763322949230402,1.0,1.0,0.05685617435013601,0.2786058674594919,-1.9036396340627428
1.0,0.21144516009376113,0.2097667709827944,1.0,-0.11899778654451754,-0.5421044403452361,1.6776953005487591
0.4460346582343544,0.08388136582358507,-0.4901093662732223,-0.6520439478824172,-0.011034830750387067,-0.2589286248800121,0.11067410061333541
0.5715437059488772,0.218314163944493,-0.15492891939412762,-0.4357926661633978,-0.006651343684228145,1.0,4.755211376128596
-0.24543927556843054,0.19046978540996062,-0.11706026084215115,-0.4217003530811987,-0.5025335817307633,-0.2896413281315162,-0.9084618550524104
-0.4499734565043012,-1.0,-0.319922965793816,-0.3635025200119043,-1.0,-0.19378638463649556,0.15082638719172625
-0.2833689201482097,0.7280798595689825,0.6061812629810246,1.0,-1.0,0.01470703658049155,-1.030751331325478
-1.0,-0.03577249945538985,-0.4090810033402519,-0.27949870467110327,1.0,1.0,5.9861866276828675
1.0,1.0,1.0,1.0,-0.37322884839753256,0.10991325844908695,0.5348350753153732
-0.42376025259074446,-1.0,-1.0,0.5425925520953675,0.6902147567631343,-0.6748268210312638,-2.2150033495181503
0.15214650969378687,-0.23379616175231127,-1.0,0.2293598288842561,0.24129756886558784,0.28340227201510504,1.3136692781073007
0.6281816293628557,0.8606323717947288,-1.0,1.0,-0.7154631501031079,0.820135636869942,6.391190971136521
-1.0,0.007965313318586353,1.0,-1.0,-0.9930364160680922,-0.021930188784735183,-3.205367038973423
-0.06496829093031475,-0.3928166402313199,-1.0,0.2603522274235006,-0.5682437665379838,-1.0,2.6922844272625754
-0.5026085558726546,0.9266391695025,0.2755772129458328,0.3351501543045,-0.0862724936573554,-1.0,1.763796935198287
0.955585293926094,0.6889468837678959,-0.6794125932496833,1.0,0.22410168417110432,0.5443237211234782,0.06077833555616491
0.8624277491944967,1.0,0.38866725657904766,-0.1357988590416238,0.32088539548949857,-0.554303102466714,-0.8285604337925789
1.0,1.0,1.0,0.8790129400265976,0.20711426309779374,0.6113479439691768,-5.239608416700346
0.004260532300317338,-0.9819499794743611,-0.3299963446398785,0.7127067618138834,-0.0032099312320281737,1.0,2.3549620929855872
-0.2872105101332276,-1.0,-0.3207055713476265,0.10107474591304322,-1.0,-0.33238683422631166,-0.6699147369050715
0.2187625239857439,1.0,0.39752062929692156,-0.06860906496307224,-1.0,-0.8585234799776011,0.634667307993259
0.31093010389406295,0.7952097897992556,-0.3504551578243267,-0.656389516844559,-0.22502290699491526,-0.6295494379988804,0.4393729493067474
0.8059998110895634,-0.3306978451375972,-0.3615838166727598,1.0,-0.34249938235376964,-0.6438763349261376,2.136608923402675
0.3113932950923092,-0.09945482514384618,-1.0,0.20682373946122784,-0.5802690559985506,-0.8070872274236067,0.6999520678424835
-0.6083663615678757,-0.04895795513362855,0.8456215592409888,0.07756842570945649,-1.0,-0.8254951708920046,-1.768360542471622
0.4493472381463099,-0.3621964236073352,0.0020427494016203585,0.6132227110037756,1.0,0.5201818653965206,-0.4314365799969683
-0.9943151257318558,-0.41841456386030007,-0.6554845787847654,0.7182973988396719,-0.5416544552838902,-1.0,1.6814073554924205
-0.3536736377321276,-0.4220862548811767,-0.7806919712271716,-0.48986701001630917,-0.9718566843324888,-0.22164455065730626,-1.5724911462694526
-1.0,-1.0,-1.0,-1.0,-0.8851116454336444,-0.10506285103210988,-2.8254128006167787
-0.19118285292086035,0.8221252546165854,0.25977545544408576,0.5101923628345051,-0.3910078433900975,-1.0,1.8532350447254444
1.0,0.7166640534496982,1.0,0.7285586976167349,1.0,1.0,-7.024830839133869
-0.6203561054934287,0.8623091857272565,1.0,-1.0,1.0,0.31746375110962655,-0.9519553391173814
-0.7924802844152383,-1.0,0.3654942779936198,-0.2831525786712079,-0.693093506691554,-0.5824602820282592,1.9612396540656436
0.2473402784770648,-0.4158281562441444,-0.7913914378416878,-1.0,-0.7606018895116593,0.4394891185084103,2.1306686574560962
-1.0,-1.0,-0.9399759404328545,-0.7172500331013016,-0.43118039024933497,-0.16087864861107493,-4.864480804058557
-0.9297246618082005,-0.4822614605937525,0.008064845126380948,-1.0,0.08971750370066212,-0.5084561242550161,0.7351765240910896
-1.0,0.0613940910841973,-1.0,-0.4600943314855057,0.47391356953563246,-0.5459697502724155,1.9129088944481178
0.7853376945076952,0.9597254064765218,-0.6722201902234824,-1.0,-0.28312231221894324,0.5609790977478986,6.105956378863494
0.6599573125437261,-0.7904965331218385,-1.0,-0.6133536475279244,0.47182038121397796,0.29398753679684625,-2.3413310814102006
1.0,1.0,1.0,0.5658986931716501,0.9368319502735768,-0.047436760068656963,-5.74121224766069
-0.6062359641235342,-0.6152001020402569,-0.5316785986166543,-0.8560816637818307,-0.2387124385103616,-0.703922740842615,1.717961244403914
0.5107715178905666,-0.8588147568465684,-0.15279126093903372,-0.46516497176819965,-0.1419261530643639,-0.008486506969794805,0.6290231298468716
-0.2945910136665635,-0.4639842577950863,-0.7091978236543455,-1.0,-1.0,-1.0,2.4422972976110406
0.35955178552301786,-0.7575324894559659,0.6702305656173704,0.11564125099382583,0.13013024741010648,0.7834816512690176,0.37289491899193605
-0.6609309428179481,0.47391548293296903,0.6693154436161188,1.0,-0.12886237501164433,1.0,-2.2298454197780786
1.0,1.0,-5.8043413023116386e-05,1.0,-0.5943615697443851,0.004235450077092584,3.9775044128739867
-1.0,-1.0,-1.0,-1.0,0.06473718276468549,-1.0,2.7620350827536817
-0.2986196485510559,1.0,1.0,0.9670288474426487,-0.1509733735576948,0.6886598387080016,-6.475623591552994
-1.0,-0.3635181771204191,-0.006675281369142638,-1.0,1.0,0.9502466076043057,5.018245288068076
-0.004462107417127603,-0.24171355506270054,-1.0,-0.4746463225646149,1.0,1.0,6.23285648764502
0.025090337707631583,-0.2667165235318714,-0.48660896382486496,0.06824156668377052,1.0,0.6598523509020808,1.9869813164460106
0.9036501536299966,1.0,0.18574076697126807,0.15864066650193998,0.06043171370963796,-0.21763854726995338,-0.3600650593912197
-1.0,-0.8061253181536708,0.18495946352178844,-0.5857847676992762,1.0,-1.0,7.241521246347243
-0.7673647980269062,-0.6299908053530173,-0.5015072485378964,-0.39299469442665746,-1.0,-0.7084775246584527,-0.8753285647412385
0.5285565447450948,1.0,-0.1543901132163915,1.0,1.0,-0.06143514749705842,-2.0981709309061425
0.8734084576268741,-0.36271458285660774,0.1598154955846604,0.2159322875953762,0.06561279072799125,-1.0,5.165394615454603
1.0,0.12925758786048663,-0.546532394270001,1.0,-0.38313037158203717,0.19362103285191506,1.2026391470462132
0.5948200800511222,-1.0,0.5261644403112494,-1.0,-0.8555018970903374,-1.0,13.867294877441825
-1.0,-0.8359713412766702,-0.9729052159272593,-1.0,-1.0,-0.536657853127601,1.0948683748490173
-0.6126073727157205,-1.0,-0.21712635455673657,1.0,0.9810872109235592,1.0,4.0734983499596735
0.686434374530458,0.5703733413455285,0.5817841997198034,1.0,0.22233914203554728,-1.0,2.98923483935263
0.023271795847011,1.0,0.24358513073556498,1.0,0.0419581097788046,0.37825454614521514,-0.5744567166460443
1.0,-0.7495749203189417,0.24756143897296745,-0.8711303008170517,-0.3000146298971744,-0.9184594677233024,8.791029297568953
0.5801516346822483,1.0,-0.8219696887017566,1.0,-0.7548577158132033,-0.5620887350881205,6.031453562848141
0.9566012725072403,0.16751527731060228,0.7001493313235037,0.08186542723830781,-0.7784222086525617,-0.7866564156983409,5.559390931068762
0.8549304658519922,-0.2655048457902851,-0.8803441982096119,-0.968827279125085,-0.06912197299089362,-1.0,3.206351580987959
-0.14546570681501175,-1.0,0.4636340702312406,0.9258391102080419,0.44036013329514945,0.16235529964807338,0.6983808871887229
0.03191256609192816,0.8151876482789266,1.0,1.0,0.30769129332899087,-1.0,-0.5451945299213321
1.0,0.278026542823788,0.22700850193365718,1.0,0.41969431655662803,0.9030987878691719,1.1048435866157968
-0.726713032584132,-0.6800765340861818,-0.3099442835584904,-1.0,-0.6672746617413702,1.0,0.5519846368026197
-0.34380635649177604,-0.021201015807444268,-0.40431047728722147,-1.0,-0.5583557806492208,-0.2768775572289254,-0.32991732474063107
1.0,1.0,0.9768663929673149,0.4533082908370343,1.0,1.0,-7.525635639127392
0.6784457549075447,-0.8766581514878719,0.2276939696875928,-1.0,-1.0,-0.15646018993549,9.196845682010363
-0.2695148246094924,-0.5143592142600214,-1.0,-0.4536231510720128,0.9275629500505413,0.07005787433034605,-1.2820514964733178
-1.0,-1.0,-0.05950790522696925,-0.7322755474176086,0.4184397934970351,0.7760648552333957,-0.6195002870973744
-0.010998456812129964,-1.0,-1.0,-0.750941293737863,1.0,-0.11864786013691497,-5.109348222424225
0.04394145129701388,-1.0,1.0,-0.5832094518879857,-0.9109426990914171,-0.2708532168852178,5.130800025553533
-0.7351131655534896,-0.40773489526001716,-0.5327888268385255,0.9431650530197414,-0.16882129725566553,-1.0,2.3842458581056074
-0.12538534187374362,0.8437325721529165,-0.4560027198814736,-0.8448369175126167,1.0,1.0,10.189028619283501
0.35430312757732674,0.6735470065926288,0.09112733737536649,1.0,0.1441805897159456,-0.04266328134567991,-0.7404642858058164
0.337507043409064,-0.29728010084690504,1.0,-0.780280951824589,-0.20225277204794545,-0.7237690327047742,1.3054291438476986
-0.4488377497265784,-0.055071667423129966,-0.268449146015891,-1.0,1.0,0.45525939860526743,3.1960590116758465
0.47208100703760725,-0.8567001386314886,-0.07164037688927197,-0.5791526569487377,-0.41561443682552324,-0.6556180867582908,3.728908805532817
-1.0,-0.45991554903358645,-1.0,-0.7383911427577272,-0.29653501253252945,-0.767052529575718,1.7372585605197413
0.3972359521517066,1.0,0.9096483341579353,1.0,-0.810834052265854,-0.7845770304475376,2.9225559689406406
-0.4663896858473231,-0.14960059182983754,-0.17814426321469878,-1.0,1.0,-0.8097312281820521,5.3818784586777
-0.6132187067378052,-0.1371395261818067,-0.44913604302140975,-0.9457265479105239,-0.700942621022063,-1.0,2.009438345675309
0.2556617227733933,0.07418317207584496,-0.1885000627619708,-0.1339089238051755,0.5483944842605593,1.0,3.348570239223949
0.7172220680218726,1.0,0.21492121555509436,1.0,-0.6542403281471689,-0.6278527862022892,5.0607141210976865
0.5333601713266107,-0.5756724852917663,0.4155540778271692,-1.0,1.0,1.0,-0.6906218326073152
-1.0,-1.0,-1.0,0.3310370385057369,0.1342841682737015,-0.14924944698094345,-3.721019256253883
-0.346425696729294,-0.93254673784583,-0.5254715391550799,0.12727197368265708,-0.9023748392478991,-0.2239650014029317,-1.5247073355817635
-0.7340485082777954,0.17022056313811668,0.5883427456564334,0.22693814369105156,-1.0,-0.8824652538620135,-1.5323179347868472
-1.0,-0.8304538688899175,-1.0,-0.08401947120405379,0.23365758389842645,0.62668210910041,-1.1847294838483813
-1.0,-0.3319268553735364,-1.0,-0.9612393575835725,-0.4140701189531578,-0.8971186161162981,2.744636154318592
-0.48178770667031157,-0.2350606652431782,-1.0,-0.19272169343792123,-1.0,-0.1346698557868613,-2.4577227341463166
0.7057661136091657,-0.16390660115996658,-0.4266075710263133,-0.7267748876570644,-0.39513538742087384,-0.704101470811252,3.228823777930274
-0.3959065528227188,-0.7074883618221408,-1.0,-1.0,-0.5740459990449682,-1.0,4.1905760079045
-0.23488418424862167,-0.7870841084266879,0.46706251876420624,-1.0,0.6731565719448909,0.29152423525391646,0.5125356323735639
-1.0,-0.005463885485219033,-1.0,-1.0,0.008268879948397534,-0.7880766401247441,2.0528171230597683
-0.24965583271701708,-1.0,-1.0,-1.0,0.0779781299701745,0.6550405669443987,-2.8882633621609726
1.0,0.6196423482709226,1.0,1.0,-0.00709951521527985,-0.40615961777594134,0.6741811697521145
-1.0,-1.0,-0.3937033560700324,-0.5274488014690215,-1.0,-0.2958471274318861,-1.0809307820888605
-0.4475150690029084,-0.22149411037223043,-0.3322987045649881,-0.5857012231653402,1.0,1.0,5.20431906962627
-0.6597617327930463,-1.0,1.0,0.9051584088614242,-1.0,-1.0,0.7162630451962725
0.7005302421108044,1.0,1.0,-0.23573533886190673,-0.9833520240376065,-0.34907949578891984,-0.8617908693387365
0.6141264427448723,0.9663080264414481,-0.15778035821624298,0.35399889510188287,1.0,0.3054793102436718,-1.0299334931846738
-0.9262195045305107,-0.32623157777407824,-0.8591692742200556,-0.8254786034357826,1.0,-0.7261940698909124,3.935657229889385
-0.20338596715975832,0.21636814241135605,1.0,1.0,-0.9197816339329359,-0.707809932249339,-0.7853807491137894
0.9656407489301106,1.0,0.5783228893142616,-0.739843261132329,-1.0,-1.0,6.043583513568728
-1.0,-1.0,-0.9494752632554173,-0.5468284235315393,-0.5745697136338781,-0.5337050013312096,-2.9206522089670717
-1.0,0.41144583343941177,0.32291311686948676,0.8897277789951957,-1.0,-1.0,-0.009488062856675694
-1.0,0.5961622649971905,1.0,0.36968336238453536,0.4901884412159144,1.0,-2.821722598447284
0.29087038747627214,0.02089331902109487,-0.5307704871898794,0.2604064791850508,-0.5702234895729311,-0.6903632591099205,0.7798498091278282
0.5393677308351553,-0.3451737961083163,0.0847688140877485,-0.511716051540485,0.9586762226466831,-0.6959151900467476,1.64218574942536
0.6415314932238293,1.0,-1.0,0.46552643814515204,-1.0,-0.07652498072859781,4.055785153300948
-0.09306793874963865,-1.0,0.6538411272272413,-0.8288259716672358,0.5203416162949654,-0.8239215115782019,5.909510041440186
-0.7963205260050237,-0.2958891068322094,-1.0,-0.4240820173606321,-0.860024084838537,-0.8784245730798979,1.0773534809403098
-1.0,-1.0,-0.3120043284116347,-1.0,-1.0,-0.33981404064886744,2.2852461421118324
-0.13569098764789123,-0.25964263679208116,0.6298462724873439,0.2870999199395305,1.0,-1.0,1.5153775130366498
1.0,0.8184166341565682,0.44287671248874383,1.0,-0.37181652037016877,1.0,2.468345324166694
-0.38737004318520935,-0.0900641079449066,-0.3985357277273833,-0.13243528816131445,1.0,1.0,5.713738203763169
-0.12489429939430019,-0.08920294281477181,-1.0,-0.24086710394829436,-0.6776785910549397,-0.1551835005053702,-0.3756830526885181
0.07570098313347984,-0.31363325194168923,0.13689918741400442,0.3810654151386953,-0.30932029064076216,0.705193813423204,1.050262765275344
0.4082931936581722,-0.3034162796343449,0.26380436222213755,0.8610482834100102,0.7480841540364498,-0.06891489332627916,-1.7872044399863214
-0.2430281270220323,-0.25468429063534803,1.0,-0.5697922724625631,-1.0,-0.924493729019811,-1.2347972793179234
-0.0693652243223356,-0.8633530701619146,-1.0,-0.8077322259554358,-0.5192293235198283,-0.6646656284199202,1.094383499741331
0.3350296907937549,1.0,0.7624676799830279,1.0,0.3521422899694764,-0.03533996400524533,-3.3786622321352375
-1.0,-1.0,-0.8182113017000958,-1.0,-0.4769844070921314,-0.7709483477079506,0.1878384462046957
1.0,-0.2608439571888826,-0.3002434416407661,1.0,1.0,0.9905669409409292,1.4753746798222669
0.41114193753136585,1.0,0.07127544376003046,-0.38633813734886413,-0.13495434078100188,-1.0,0.9333531497781793
0.2683285664575822,-0.384422902703381,0.48787351668607454,0.4649934053447383,-0.9923699995910362,-0.5178055777742119,2.5758428695630964
0.4767623717426567,-0.35643068134409006,-0.018582950672377335,0.525477023561082,0.16049910255670596,0.40489036194738826,0.04698203663328365
0.25674596713361386,0.10666449271943379,0.8682903771788377,1.0,-1.0,1.0,-0.2914139740238464
-0.3214552026536689,-0.4150817092267798,-1.0,-0.3122502463030612,1.0,0.1327753122099472,0.15233944033358826
-0.14383186712457863,-0.04376395191864989,1.0,0.8237402134454883,-0.7823412999823209,-0.9717454015247584,0.04014861057363561
-0.06295575738178005,-1.0,-1.0,0.21659558661646194,0.20513379884311073,0.9457502447500947,2.198456532276309
-0.33472878363670544,-0.7926285735869532,-0.18796273100004535,-0.3216111616697481,-0.5011591981343643,-0.527283289806521,1.6954507627359425
0.19244836874992421,1.0,0.525811761022171,1.0,0.30986087571875137,0.2501937601870382,-2.5252154063152648
0.6596223209588427,1.0,1.0,1.0,-1.0,-1.0,5.451093224085282
-0.7271038007024326,-1.0,1.0,-0.3724577274115608,-1.0,-1.0,3.573636827181895
-1.0,-1.0,-0.31771579739059774,-1.0,-0.5773830392074106,-1.0,2.9574765986356253
-0.7595917789553006,-0.509290483919557,-0.616600027520334,-0.05213810434185584,0.589060568765958,-0.13153564986915242,0.08890287402924252
0.42948233687373394,-0.34363899599898107,0.7828571114588995,-0.02058123958285843,-1.0,-0.29258976981729923,2.236980126501771
-0.5874109549196513,-0.9347972850568522,-0.07704909581097219,0.21598410392509765,0.06073995577386326,-0.040511361987206396,0.41366523242257797
-0.3728534838618762,-0.4150751448111388,-1.0,0.03477579917238924,0.7100483198838072,1.0,7.739397625444523
1.0,1.0,0.9417723531911568,1.0,-0.3261188134069623,0.4424017865548748,-0.9985901447993226
-1.0,-1.0,-1.0,-0.24870477721816875,1.0,-0.7060427349187637,-1.5495327499552327
1.0,1.0,-0.4480199260358525,1.0,-0.16060436026433755,-0.20956426264789996,3.986483780068033
1.0,1.0,1.0,1.0,0.9210928060697894,0.5167571401091386,-9.043687908024351
0.40727703623443756,0.9634676263380731,1.0,0.8828722962599103,-0.49862833621186353,-0.7698003559683823,0.30167908228070006
0.18064890313732418,0.042286195634035476,0.9311891358567597,0.36920083839288065,-1.0,1.0,-0.35120705449940226
-0.07623203053711497,-0.7681820407137662,-1.0,0.6473538686806907,-0.07815210767308628,-0.4775180237424085,-0.5273906093338256
-1.0,-1.0,-0.43793478808218755,-0.24686381998980955,-1.0,-0.4437083087403405,-1.5694510365606134
-0.5690178542050758,0.4408267527651196,-0.43607934341564125,0.27058699417085674,0.009422411419273913,0.47143740123790456,1.5642519889160649
0.26677000376935356,-1.0,0.7269629741345277,-0.5896718843310129,0.06679924333584109,1.0,-0.7759137511085715
0.7066910400928771,-0.15302805324627067,-0.27579973586800094,-1.0,0.19711204178087943,-1.0,3.478310342864238
-1.0,-0.9846748797488469,-0.5903017867739357,-0.2541219875786668,0.6472385700830976,1.0,1.974205059930041
-0.10725360572981413,-0.5925826837432782,-0.5439919913223729,-1.0,0.6648158419947061,0.49693979476912453,0.14430756118139787
-0.3871532153240314,0.9115908196510261,-0.3205283591570791,-0.8639070561042647,0.9388622075107567,-0.2321565577446223,2.030742388206704
-1.0,-1.0,-0.8586787162320961,-1.0,0.6437550036252379,1.0,-2.4678806015384662
-0.9553861317802053,-1.0,-1.0,-1.0,-0.6729398078941817,-0.2967193131540322,-2.7736261590234133
0.32934510159660546,-0.3196162790644177,1.0,0.24660877937147427,-0.7330978602199065,-0.33354961954215057,0.483918954889784
-0.20698266241940777,0.2759557096866121,-1.0,-0.5692926004369656,-0.748443795282876,-0.5788986984160787,-2.0180592259102434
1.0,0.009887793819148949,1.0,1.0,-1.0,-0.5799948802109793,6.734877826372142
-0.1594031291180522,-0.6533350265942719,-0.6515696372076366,-1.0,1.0,-1.0,5.425366235026525
0.6423752499471742,0.7127063869172023,0.49460234442908657,1.0,-0.1706708229561943,-1.0,4.559267228216292
0.18935410502908612,0.6853044942668167,0.45035297008212316,0.8867929008740447,-0.6719748920075641,-0.8487560342138818,3.8131328959523985
0.8066289537619417,1.0,1.0,0.8248892309874749,0.26427133694572835,-0.18523833036752604,-3.720528484375814
1.0,0.45887716588479605,-0.5164983326411974,0.6329126580849983,0.4208958502946969,0.6165244530848694,-0.8433462744587956
-0.3542454153205955,-0.01813382034456612,-0.6179589053055806,-1.0,0.2657075107323247,-0.2544692081544451,-0.578890370072293
1.0,0.07172248359833211,0.07560806256338659,1.0,-0.9437113534800841,-1.0,8.711043127153898
-0.7150173005170106,-0.3658076211287553,-1.0,-1.0,0.6390363560288022,0.7483702200807361,2.444243237625959
0.15195103446420521,1.0,0.9506155608954436,1.0,0.04581875230145565,0.6816156782106029,-4.323388485616097
1.0,0.048941223703867553,0.35600620032365926,0.21125427844835432,1.0,0.78821118059477,-2.4713878471468145
0.21320812212287266,0.3301422101087239,-0.38731912698715476,-1.0,-1.0,-1.0,2.4994685965938985
-0.03403534398212066,0.42842076447057387,-0.45599433932491407,0.6456798176455942,0.9401082620531847,0.6231238732366633,2.227699408841515
0.8798773396128117,0.47299891496712987,-0.5422149249085162,1.0,-0.8730309476189972,-1.0,6.901254659306811
0.28709140488314455,-1.0,0.29165103729903763,-0.7460347569003989,-0.18983031353673285,-0.30715722268885787,1.4932165372581245
1.0,1.0,0.8148778877843997,0.37815154339647544,0.5968504059651453,1.0,-4.023394143814985
0.5813232424068135,1.0,1.0,-0.10612126957279933,0.19247757085552264,-0.31052439556130806,-1.8438250439990085
-0.37752539640850463,-0.2709172230983468,0.4298507308284235,-0.9122863770545597,-0.10752838390754774,-1.0,2.508098321636049
-0.2520478732932104,0.26696376301236935,0.5236934764609014,-0.34311905478635996,-1.0,-0.8707796607283738,-0.4332235333060338
0.5757326058063801,0.4296266911399147,0.06603882086656276,0.0867538965415724,0.6766039040456526,-1.0,2.151942511196469
1.0,0.21389038739172594,1.0,0.2637910658450373,-0.4280581674029417,0.02095228299682972,1.5942386163016844
-0.07556879886441165,-0.4184526454705244,-0.7144829194814254,1.0,0.11887319038236832,1.0,4.103930037181108
-0.590563596081533,1.0,1.0,0.8519314081342296,-0.24187671445563752,-1.0,-0.5834213879108037
0.32604816921353696,1.0,1.0,-1.0,0.9362386911554543,0.32241352545321966,-2.209282948584558
-1.0,-1.0,0.020450095689768383,-1.0,-1.0,-0.6220202443568141,5.8230416341704645
-0.2013905899579586,-1.0,-0.7480421798384007,-1.0,-0.5170290885092841,0.9397942314964366,2.014052323326266
-1.0,-1.0,0.5951970844953651,-0.4493862984195349,0.6868393101416891,0.6746859118484725,0.7675414407321339
-0.8334585713048399,-1.0,-0.8737644832235232,0.16273842216355838,0.15704857884699597,-0.18464492455247605,-2.838188647783529
0.8610813400604046,0.9175616878164543,1.0,1.0,-0.2523956386615469,0.014931189283105384,-0.3350222875674591
0.08525371432589884,1.0,0.30852000710462146,1.0,-1.0,-1.0,5.73898428996267
0.7129529247912516,0.3436544027331624,-0.4177912679092668,-1.0,0.7685639216425231,0.31347971293671134,-0.49405614946783427
1.0,0.8303063982693977,1.0,1.0,0.5284567529808868,0.34652772310571456,-4.620540858453246
-1.0,-0.7663388012440915,-1.0,-0.41699903941125216,-0.9512241562291404,-0.36664660285395545,-2.446284776190983
1.0,0.5553114324452397,0.33486763637050376,-0.5749751607399497,0.8232520844724132,-1.0,0.7519555839333995
1.0,0.2943507810675124,1.0,0.8773713198219343,-1.0,-0.05181142530274485,4.2872307663654325
-1.0,-0.32537677123166175,-1.0,-1.0,-1.0,1.0,4.368828276181503
-0.3985289164019501,-1.0,-1.0,-1.0,0.17141042297309178,1.0,-0.10153316176121119
-1.0,-0.7756637739506891,-1.0,0.6673539984456165,-0.2931082132012838,-0.030518059485506788,-3.745534439098732
-0.9047549430274511,-1.0,-0.16805755344715556,0.11278938102247107,-0.20897274292724055,0.14403672558374847,-1.0475489170996084
0.643106547218872,0.35397682754956417,-0.9912161290425522,-0.762231627555335,-0.5150506358011313,0.8229533059685319,4.04062218020296
-0.20118134957493283,0.6455000412242737,-0.4042087704761294,1.0,1.0,-0.5406800830007743,0.2538153695097527
0.6387426400564373,0.002223816540506296,-0.12640440128276229,1.0,0.3737522559340131,0.44081374031131026,0.2470751706389565
-0.8033617504142856,-0.948812696607017,-1.0,-1.0,-1.0,-0.5516607191456708,0.9359978920798399
-0.33600870163636476,0.5673715729894808,0.5767404948402824,-0.40861588625335254,0.7639540567767945,0.6584963315994321,1.3815240591643052
0.23976297191367246,1.0,-0.5592171310897688,0.15854659400642102,-0.9110046434809846,-1.0,2.150744888406605
-1.0,-0.5646885948914614,0.541818141496197,-0.8763236784030384,-0.13070886971355475,-0.47234627970664794,1.067888986620126
0.6333896026809736,-0.34042251022032594,-0.491288529050817,1.0,-0.07842429166753412,-0.030486111911659064,0.23547616677695654
0.22464689980194552,1.0,1.0,0.418517070414441,0.8855605249968612,-1.0,-1.9065166253102341
-0.2895402314982445,-1.0,-0.9673089194954319,-1.0,0.5111089093453929,1.0,-1.7779329492874743
0.7880520402198588,0.8560761956711154,1.0,0.8616239642321211,0.1313692068552163,0.3348206269608854,-3.6320770214522335
1.0,-0.9025490388078605,0.3034952964290619,0.04725791099313015,-0.3113906332364976,1.0,3.064725459315104
-0.525782144264393,-0.38324242629350536,-1.0,-0.1756696085002527,-0.7000617850435615,-0.030604448738955847,-1.5936586070368846
-0.5074832744508133,-0.24468422140339807,-1.0,0.06948689103685424,0.14851742766723097,1.0,7.29910782145014
-0.06335782266015161,-1.0,-1.0,0.6160557941178446,-0.6007815943940222,-1.0,-0.3805853029298756
-0.17524539513534454,-1.0,-1.0,-1.0,1.0,0.7791788200222195,-2.4853414003544816
-0.5737425029195513,0.5681253680477665,-0.3667498434843707,0.13489673061026963,0.04581398686029198,0.8515159855714519,2.9490535847009363
1.0,-0.502016419977704,-0.3217360282076365,0.13270175781601812,-1.0,-0.402101772645058,3.491829919154588
-0.5382979294933288,0.1896282249910205,-0.5518416674897,0.2827839373887757,-1.0,-0.4812134974165281,-1.7035032698092551
-0.4426009692869878,-0.40754013393310334,0.7067778787250452,-1.0,1.0,1.0,0.7013896550235681
1.0,-0.19738427747359522,1.0,0.2554646481258126,0.46320538197190264,-0.6575459415177947,0.31182989948605055
-0.04440384532084485,0.15222872887930972,-0.8504021202809722,0.5818529953039943,-1.0,-0.3306693063067047,-0.3720224512106257
0.09080997848817685,0.22455262663397502,1.0,1.0,1.0,1.0,-0.8941357398453431
0.23790882794043677,0.5706186631748331,0.042312815682618465,-0.4255610128877947,0.9470145070442157,1.0,4.913857806545609
0.643904971410133,0.1942479221711585,0.1453180929329526,0.8138557971133842,-0.16824384023825822,-0.6694745989165669,1.1883530009894783
0.3748077648588195,-0.29004771344125724,-0.37091302325161446,-0.6444490151004649,0.9759758739347847,-0.0033885408828675523,0.06552405545291085
0.283853494819839,1.0,0.335732909649956,1.0,0.28347317603735367,-0.4363892693748086,-0.7606500363566042
0.10787783819270369,0.950466441074797,-0.4025682734163207,0.2955758266525891,-1.0,-1.0,1.794188715251447
-1.0,-1.0,-1.0,-1.0,0.6301225212166868,0.206573408091519,-8.342680103373528
0.4226863337542678,1.0,0.7528982072478837,-0.07093047402159247,-0.49060860843697274,-0.2065958359902491,-1.5046676285031246
-1.0,0.18361720972168027,-0.4350492008805805,1.0,-0.529448407753866,-1.0,2.086254272719624
0.21722229824028844,0.5913903796383495,-0.7945971558643119,0.1069991497969562,0.33627209263979596,0.3348466069979217,1.1656464353931975
-1.0,-0.5697311582988217,-0.9131309857706656,-0.8119550126136583,-0.9255778619203162,0.7273497458049509,0.12026193546607039
0.3718044191266985,1.0,0.940312431603352,0.6054463114981727,-0.9871786667913505,-0.8562302173129812,0.07603385002558549
0.9873657062938849,-1.0,-0.17859239632485496,-1.0,0.29960786235454523,0.9495801012243982,-1.229025354367773
-0.17168156111125377,0.3376226366788231,0.20448566978133198,0.3009450735966726,0.5076264155154484,1.0,3.3923997621591093
-0.33155984152965967,-1.0,-0.2554978315452017,-0.9394611249222566,-0.5714249027727982,-0.8643386888645403,3.3968730952903514
-1.0,0.7099519385681095,-0.7639005326567343,-0.4756765132270635,0.6299781372319765,-0.2653757977523366,0.5998318019840274
0.3514306345548611,-0.394616395364629,0.14450226346141212,-0.22454155130438314,-0.6788300366483238,-0.40951417843235194,0.9052450112627818
0.11956175822639681,0.36013641112942363,0.530209270590047,0.750850102446796,0.6159603152181365,1.0,1.970819896527527
0.3599997280905243,0.7959237360938423,1.0,0.6335321144613634,0.10439379053581138,-0.9706222384360348,0.1469873232063495
0.6405267573780349,-0.36664585578422787,-0.15473504490953752,-0.15127877741889595,-0.38561727538628277,0.2922927918571202,1.0311852797630967
-0.5437427088734335,-0.3965442764362322,0.9693508272897738,-0.4225296894525723,-0.5434874139950984,-1.0,2.883083972160519
-0.7451599514051515,0.02827174988815734,-0.27680782498985074,0.6653765572284985,-0.8214582595262155,-1.0,0.4558984637761867
0.5614206253289887,0.328247275236214,1.0,1.0,0.6096812959415743,0.5150570247434467,-3.4437263868418744
-1.0,-0.6054812725836624,-0.026804672499018842,-1.0,-0.9248088637543077,-0.9681798104924542,2.4759031598443686
0.9563632914056308,1.0,0.3433169122059041,1.0,0.03681130246530595,-1.0,5.243116353829372
0.34959196466143044,0.7560562332238256,0.17620076311605637,1.0,-0.1416378626275996,0.10321391341414855,0.014325168226851648
-0.3775945172299064,1.0,-0.6653445335191681,1.0,-0.7643127507297778,-1.0,4.885080114425271
-1.0,-1.0,-0.8645673539692785,0.556956237168063,-0.672808342423338,-0.8667255804403811,-2.4812147223101673
-0.41201151346720977,-0.16728659864537426,0.2217705739940511,-0.9769569539290033,-0.3997555048977482,-1.0,3.1447680148874895
-0.7249269155461084,0.7339417014425581,-0.8858388815765034,0.22054242195769067,-0.06806096481167911,-0.033794985312695786,0.5695909836419224
-1.0,-1.0,-0.990877766399963,-0.4501905649692206,-0.9556135555418446,-0.9712425186717183,1.5298053643589946
-0.0640561677860848,-0.42669938929710394,1.0,0.7882958259596337,-1.0,-1.0,0.2597423416834792
-1.0,-0.16155743646277326,-0.05466573870734137,-0.7920615818788863,-0.48632173019777714,1.0,-0.9232909640683394
1.0,0.3692119205807041,0.08939368531895939,-0.499421044095809,0.7354580761185712,1.0,1.5979759874194501
-0.9574742147847412,-0.5448241719978731,-0.5645662360624801,-1.0,-0.6050570147826673,0.899059037663896,-0.326954419172549
-0.7193375395926804,-0.7255517577153838,-1.0,0.5411364169718514,-0.6178695457059338,-0.018662360565502856,-2.9715725018753654
0.2896869673876573,0.1707193811597486,0.7346537570868116,-0.4003285197855836,-1.0,-1.0,2.2925280630521625
-1.0,-1.0,-1.0,-1.0,0.5496383644593075,0.16476243683155567,-7.391079967143714
-0.5888819020876626,-0.9376680692868415,-0.15505268490533142,-0.1395712906401148,-0.2399051322189074,-1.0,3.530071954443196
-0.18629723714175367,0.7483352893291425,-0.6638183399690749,-0.40365327967266434,-0.0077890969962438605,0.2870529820160931,2.0656724055501394
0.4970755156373938,-0.4173831389997171,-0.832495355575984,1.0,1.0,0.8027085698429438,1.3955314841080755
1.0,0.713314370030685,1.0,0.5239692428336034,-0.14910087356986512,-1.0,3.856729255934333
1.0,1.0,1.0,1.0,0.6439891079292679,0.3529190321083897,-8.049398064278767
-1.0,-1.0,-0.35051434865120423,-0.07839965014036832,-0.3146667739019775,-0.9228380956157514,1.738833435719433
-0.690343970279512,-0.39173065594446954,0.321338069677194,-0.6319993745662302,-1.0,0.6772515445362735,-1.7151590128918692
0.5345021325623385,0.37084640651598666,1.0,0.3285013642114405,0.5128777902461983,0.9890359437572218,-2.3475641227009953
1.0,0.7920974761680752,1.0,0.6961338086108753,-0.5667000336492221,-1.0,5.659829041688182
-0.6695637070967919,-0.26601393995949874,0.022580724821755827,-1.0,-1.0,-1.0,1.9979279841922115
-0.4884718791706757,-1.0,-1.0,-0.5666858962934931,1.0,-0.0366014171741236,-2.829197009184951
0.14352374688949365,1.0,0.9324253878047899,0.9108235545443348,-1.0,0.15998778648978854,-0.8435760360475566
-0.785111551156605,-0.022541883824586995,-0.8376354039848614,-0.18825443433172073,-0.7967763207918134,0.6607550817482413,0.3016909820154861
-1.0,-0.7151441029498445,0.0258272768187095,-1.0,1.0,0.8253231399238354,3.4726458019842106
0.5897381128313288,1.0,0.46289002622399245,1.0,-0.5822315733505419,1.0,3.221564988344401
0.8490016330960225,0.20099753126521874,0.5375877380204015,-0.7088284758797343,-1.0,0.5452052068630884,3.142523784875339
-1.0,-1.0,-0.8763749872057591,-1.0,0.9931615321360349,-0.3825647878755906,-2.7930799205416728
0.9547086342777592,-0.8028176946696606,-0.0028662444960636524,-0.1479396182556467,-0.42490080822197573,-0.3458506722186121,2.2052335145732487
-0.9001464806839414,-1.0,-0.28480373985243657,-0.14488978084728643,0.3641111881871726,0.09175186730956791,-0.2615127274409958
0.12584038762796373,0.5395614000283924,-0.35606608834531234,0.43926159636161277,-1.0,1.0,6.064306439844547
0.01288339160449542,-0.44420747076305367,1.0,-0.10053037609985663,0.888455316419815,-0.4137053166991369,0.6459964158749731
0.39917231814682264,1.0,0.638563436304194,0.1641827933486102,0.8966427822324651,-1.0,-0.3608558392503918
-1.0,0.3588072702564948,-0.37491472788244795,-1.0,0.6293248531478824,-0.09843306819394299,1.584652685128542
-1.0,0.06616060038360683,-0.8303234515203406,0.8820704357935325,-0.13947475083809519,-0.33574760185025554,-0.9957569539083296
0.6090886757299153,-0.2184473521442103,0.6310526561336242,0.6261862462725921,0.16586880674972215,0.34697354760314425,-0.9251342034236707
-0.6203675060990715,-1.0,-0.6373659818872487,-1.0,0.10059962869178918,1.0,-2.18203287246947
-0.5004168225022618,-1.0,-0.6840421644019773,-1.0,1.0,1.0,0.2520531967585923
-0.04390453700962085,-0.8184717458997287,0.7247315602147172,-1.0,-0.4899834885456529,-0.008937410373067722,1.6290600365207373
-0.47379753648945844,-1.0,0.7502281638513739,-0.7449074341953955,-0.6570143315224903,-0.09607000126670642,2.272119150589955
-1.0,-0.11214433627043452,-0.16246186197328044,-0.675745934224275,-1.0,-1.0,-0.03697935944056285
-1.0,-1.0,-1.0,-1.0,1.0,1.0,-1.4429376383056274
0.7839494201319883,1.0,0.17299813962909494,1.0,0.23725339265716078,0.4862352301315191,0.33299878233034974
1.0,0.7171584197604877,1.0,0.3725739217304007,0.5598252790284199,-1.0,-0.49242283418385846
0.6310680748605387,-0.07792577655016505,-0.3403120081273533,-1.0,1.0,-0.6612675006539905,0.9431419698033751
-0.7972644677652664,0.08738877121300709,0.20452557795194692,-1.0,1.0,0.2580886922145713,4.113406473318487
0.10346225406994913,0.8319903986482038,0.9465381410501821,0.5300164440091946,1.0,0.788912336642011,-2.471266914753781
0.8309349169534934,1.0,1.0,0.7898228478536868,0.8369565634051676,0.4112171450751472,-7.379463650908452
0.41256182698308275,1.0,-0.5098180945128874,-1.0,0.6148688926510384,0.389413475522359,2.7685600087103532
-0.6843431487148766,-1.0,-1.0,-1.0,-1.0,-1.0,4.225435546185018
-0.6029176696874186,-1.0,-0.10775213001996231,-0.8637913323539933,-0.654472606466333,-0.7192441724974084,3.1670628145122706
1.0,1.0,0.49383645504570883,1.0,0.8285027948949508,-0.08930666264081866,-3.5656705570350287
0.15766292980568514,-0.9941721670890434,-0.34244070312658514,1.0,-1.0,-0.08336861131370527,2.5574544291142036
-1.0,-1.0,-1.0,-0.008387363143815385,-1.0,-0.3570301902873054,-4.540772708267846
-1.0,-0.8327490538730449,-0.2007890377943904,-1.0,0.312485430027158,0.8166552154863304,-1.8183841425347145
-0.2484378300487012,-0.5756581185407846,0.14891004314925532,-0.0500408126468474,-0.0127827979039834,-1.0,4.157471831190503
-0.014173575297293892,-0.8259075311250123,-0.530684681863377,-1.0,1.0,0.18110161097696875,-0.8528059137279724
1.0,-0.3411209568942699,0.0703188367107328,1.0,1.0,1.0,1.3741910755883242
-1.0,-0.38270166510262205,-0.18436497648865768,-0.9788134309926899,-1.0,-0.5111974904946386,1.4365072920152644
-0.19569660870421934,-1.0,-1.0,-0.8875755574648752,0.3199705225567794,-0.662214105793106,-1.0340557052388688
-0.9059590552369947,-0.05060257229599052,-0.8447789146021203,-0.8718782361248553,1.0,-0.08360141947630065,0.30559299100713866
0.741668510744581,-0.43784143155047006,0.3072963901008863,1.0,0.5451387623604892,-1.0,2.2490910122789307
-0.7184182417559641,-1.0,-0.4013797319276775,0.42627034885092063,-0.12808092906130697,-1.0,2.6008084625512797
0.6347226940546696,0.7153862907833156,0.02493848028887502,-0.6877751753560029,0.6914741202953487,1.0,3.9906055609142284
-0.2443944851056974,-0.823457835961506,-0.43220752710872146,-1.0,-0.7558892886646942,-1.0,4.832496407172255
1.0,-0.18821684104683922,1.0,-0.23409550028325335,0.3045540207913357,1.0,-4.131773294386964
1.0,-0.6605628627765915,1.0,1.0,0.29796946029194704,-0.7368624369864333,0.36822468516266915
-1.0,0.17486329678808887,-1.0,0.862747840297897,0.7163157209117109,-0.33567286590786793,-0.28815367276199577
1.0,-0.021031050621213743,0.7876339994516417,0.5319648792011453,1.0,-1.0,-2.152791030173802
1.0,0.6041104953018217,-0.338265777057742,-0.10507152931024852,-0.2660596518598428,-0.2110628400558604,0.07447645562567073
-0.2918252542527664,-1.0,1.0,-0.8614709699956327,-1.0,-1.0,9.14318424814897
-0.04173245729396474,0.39970992950408624,0.1951011946341462,-0.47109676906242715,-0.11052811483024017,-0.7353703809801055,0.8664540273205742
-0.8287320343706979,-0.8091492054007657,-1.0,-1.0,-0.8447093204815168,-0.5941774418097123,0.4486338515505939
1.0,0.5210704031149531,1.0,1.0,0.10810385886481555,-0.2598258300954812,-0.4137487167433218
0.01554011127873478,-1.0,-1.0,-0.9497673111777597,-0.03150015857057831,-0.2596930402532416,-3.1918563140610456
0.9800599765166959,0.5352338212915013,0.652129857021161,0.5438400356493088,1.0,0.8225285960805753,-3.2177826040409108
-1.0,-0.5216794902514541,-0.26597530058073904,-0.44060331702184874,-1.0,-1.0,-0.35787562961513525
0.4530305405167345,1.0,0.7453856809936836,-0.3406915701232569,0.43024305881994596,0.7531569009011505,-2.2462273292124806
-1.0,-0.9087969950678947,-1.0,-0.4713944839279054,-0.048238140519138634,0.6048182145140709,-2.306816797618691
1.0,1.0,0.9723839117512374,0.6081128100957072,-1.0,-0.19605784873525633,3.2525462825722853
-1.0,-0.9503854716167284,-0.3198381643537398,-0.033703887928141496,-0.36298339157478504,-0.17047714290172164,-1.0116936902300546
0.651459901234858,1.0,-0.542259105258432,0.24108135301668354,0.08997618289255604,0.7268206192487567,3.37082378989447
1.0,-0.933650696643799,0.9684359599522248,0.259060013401725,-0.7137408749237266,0.3298750621935179,5.762870801705006
-0.4393693138246194,-0.6396018329736382,0.9951133842689583,0.28651735302881665,-0.4289061449344971,1.0,-3.220549016170885
-1.0,-0.4139708941644862,-0.005171391341977971,0.2198005666561928,1.0,-0.6131861030422951,3.7045506660439944
-0.7907136135372577,-0.5641924019808798,-1.0,-1.0,1.0,1.0,5.35622476650749
-1.0,-0.7641953401397081,-1.0,-0.6243347726879862,1.0,-0.007086551525116724,-4.446762577189009
0.9491934495288356,0.4359462526622802,-0.7836165429283721,-0.5817872347948048,0.12530853097898165,-0.6632898149014167,0.431430818596023
-0.8644908127020726,-0.6454459928641967,0.782392139068011,0.48344973294612476,-0.535477367507746,-0.4358166922827795,1.0517370898889364
0.029090878472494364,0.295530699758434,0.0550385618810878,0.5629734349259087,1.0,1.0,4.995077729856737
-0.5430365645494797,1.0,1.0,-1.0,-0.40536676227774227,1.0,-2.584934166615473
-1.0,-0.6177529259691974,-0.8172023296100819,-0.9648057429108925,-0.6862261220470787,-0.20108359837060408,-1.5117447760231708
-0.08425144937139706,0.5895695047226884,0.5169556591877705,-0.2443139818119373,1.0,0.4222132853015177,0.7992939234614969
0.3212855271101191,-1.0,1.0,-0.009478778364999996,0.5234093121072133,0.8078763711617813,-0.5475698442168782
-0.9165740801957568,-0.6482351898628009,-0.8884410282105162,-1.0,0.753409545958106,-0.24654765473503715,-2.5599293526367273
0.03312819531404754,0.4297564129701986,-0.10426017658727571,-0.38069494167759144,-1.0,-0.12483874495426839,0.0781018575905906
-0.09990925916726368,-0.4603246844306995,0.7492157627977244,-0.8649439444838051,0.9231739351226754,0.6723796080201647,-0.9135143247630824
1.0,1.0,1.0,0.9881543716615209,-0.5423111262550879,-1.0,6.300150029929987
1.0,1.0,0.9456256331187991,0.34396405339246483,1.0,1.0,-5.838758091525415
0.8692964508838039,1.0,-0.18488996274476255,0.8624887015130538,0.7333955164145453,-0.3969392692258477,-0.13110865480959646
0.6344585415423524,1.0,1.0,-0.35333076175723765,-1.0,-1.0,-0.19446389063390257
0.8446722865479408,-0.28175365416925735,0.3136946513821659,-1.0,1.0,0.19852043743485748,-0.03995667227817057
-0.5302775574182077,-0.465240265112015,-0.2258801109797357,0.3767885092523086,0.42306329101599593,1.0,3.291695734869543
1.0,0.5008347713778312,0.305649633729117,1.0,-0.3451871789574137,0.870134424126966,2.202056251311064
1.0,-0.8588556743765309,-0.7256662010816757,1.0,1.0,0.6665273161394514,-2.0897480891912292
0.44149433337737276,-0.542598643155224,-0.23235438159138466,-0.020102727769865658,-0.048705552136296903,-0.44987946244391014,0.7490789042535695
-0.7540206407611075,0.00863070520311493,-0.6900302869190816,-1.0,0.33444141715110276,0.9735867282377481,4.777962173344782
0.9654652023360168,0.361658317487475,0.5414506130036533,-0.14183428732475423,-1.0,0.7906615107869359,4.071708990719125
-1.0,-0.5307551708308498,-0.5221401194858002,-1.0,-0.5054310098474211,-1.0,3.3112481256666837
-1.0,-0.09132569340748597,-0.5919042255842407,-0.6350675341348839,0.18558442862168628,1.0,3.858850175635559
-0.1278027363162323,-0.3733642210802973,-0.8702019047532796,0.656088246568633,0.5057312804824027,0.702727856987583,2.879555437040988
0.8232708975490198,0.8163812564921666,0.11596810442395522,-0.3626687313919727,1.0,-0.24763513018850491,-1.5949609458473997
-0.060413465400208644,0.10153969738160051,0.20029887070252006,0.6564635282520975,-0.5023956076069851,0.7539138712283863,1.2479291042401248
0.3606949137139287,0.3719904623949357,-1.0,0.17019787019249333,0.25987045523997737,0.6675807610784322,2.433420121677272
0.6646177555560786,1.0,1.0,0.7799519551540748,0.39056618241578067,0.8964282951135171,-6.782263078447839
-0.09163968114958632,-1.0,0.03201669701155521,0.5383749568604306,0.8787780033235995,1.0,3.6154911176015396
-0.6437443883860832,-0.8044410503545047,-1.0,-1.0,-1.0,-1.0,4.435500149298622
-0.256405626579821,-0.3016936214974423,-1.0,-0.13557491091390803,1.0,0.057121486956949186,-1.5334489468650467
-0.5815823107881803,0.43625678544717017,-0.6894643078173571,-1.0,-1.0,0.9911456667617178,7.094343680809591
-0.810037277272706,-0.2532950324058087,-0.4587282100116469,-0.5732671503417684,0.7309154783064851,1.0,4.272119989326942
-1.0,-1.0,-0.40713909177084484,-0.4180097276883862,-0.8736787235428355,0.4206095986790206,-2.7282621716257283
1.0,-0.1336569789444475,-0.6568414080287446,0.8632636136416771,0.7326880399357725,1.0,1.0800297834127668
1.0,0.34235839221833253,0.3734254501900114,1.0,-0.6978520752436661,-0.36306442862148847,3.144736156085883
-1.0,-0.5378429117320945,-0.18346749634766646,-0.2657181676830517,-0.6182068972360004,0.20781407671609764,-2.2832671068284087
-0.9864207368737365,-1.0,-1.0,-1.0,1.0,0.15397412013266432,-6.842019569135354
-1.0,-0.5589481016299129,-0.32904005941330117,-0.24057714206666736,0.05561930859079678,0.2950352456070391,-0.5463021269527756
0.0766082143308563,-1.0,-0.6859435654129058,-1.0,-1.0,0.11090825442641383,4.488488292099044
0.8830228851561137,1.0,-0.3019126217311734,0.29418374338199693,-0.6533733531988961,-0.8908480580474626,4.857516808349603
-1.0,0.43922690716508217,-0.6798012031565588,-1.0,-0.27701490286974506,0.7050548492198425,2.23703943720438
-0.6766077328697591,-0.39145597287159006,0.7391236712849324,-0.4151055272606021,0.9877359412580731,1.0,1.5476673464508708
0.21719993397574416,0.43504265970365813,-0.9310162702969331,-0.5466140760827009,0.5432944136784394,-0.5738221868403589,-0.7036919729110318
0.6141907501176951,-0.5228869504254485,1.0,1.0,1.0,1.0,-3.0706850252777156
0.4300178406303483,0.22255601315731122,-0.14529984274837,-0.9080657042968447,-0.04303066900365038,0.121370813686145,0.2862153625912276
0.78638555202144,1.0,-0.434376189291304,1.0,0.7073642722300637,-0.33337502046894585,-0.20635184036352844
0.4966552447629603,0.5690748063900599,-1.0,-0.44555480089334765,1.0,1.0,5.539081862249694
0.46284142965772745,-0.8845082211823597,-0.6469170266157889,-0.12231043248174306,1.0,1.0,0.31659244948545323
1.0,-0.7909804350813832,0.8377059144425792,-0.14495848869049377,-0.6586674924737008,-0.31045076224962853,5.473071192091889
0.01519755424314212,0.6967762835269856,0.9053364585347935,-0.08939488373715498,-0.8626889491049216,0.4174078022117499,-1.1597593622208975
0.3786443999747948,0.5163349418486729,0.6574595137412355,0.2243889261506744,1.0,1.0,1.0355310948922782
-0.2254029780615031,-0.7836807884222319,0.23873428857744705,-0.7611874592667015,-0.1426880108981634,-0.3759187030993833,1.572650106917995
1.0,1.0,1.0,0.6106627750139921,-1.0,-0.24839306148246731,4.231700771602403
0.21799750605962287,-0.4861816093243325,0.3093520726531706,-1.0,1.0,1.0,1.3040119199026958
0.11495525162325537,-0.654285536477504,0.6089418694684289,-0.7322614406349274,0.5770243056049092,1.0,-0.7520479028090788
1.0,1.0,0.8124044750736215,0.07556128776558846,0.0633227833299736,1.0,-1.604627119017095
-0.026070982686650923,0.3616284538492064,-1.0,0.48376863021545957,-0.19863359595022734,-0.08297807980612859,-1.0108206953073804
-0.1441186995070356,-0.18939202903942592,0.10913429621885992,0.43478337114764914,0.4797799696296108,-0.23096824976252978,0.4777142448213195
-0.025148688346012193,1.0,0.5974861011030778,0.45237799668545,-0.4640731301445149,-0.36207426403188214,-0.9008539489727844
0.6352720696220644,-0.0989852908970259,0.2619027743439172,-0.8843683045545658,0.025871551669459425,1.0,1.7151007577611825
-0.4273808728322562,-0.15432787817343763,-0.2244937991057082,-1.0,1.0,0.8469227823996853,4.6648980297097555
-0.1656687111031556,-0.45831374349473697,-0.07208828614091767,0.4609280237126255,0.6345579280562998,0.7382693522864535,2.044346263262429
1.0,1.0,0.30430022896613906,0.5363981989705487,0.278188058696059,0.30677185582258915,-0.9473000598247365
-0.23924927116154704,-1.0,-1.0,-0.9401942468870318,-0.7246009208644357,-0.23375041318949263,-0.053041191865038084
1.0,0.016487029280988275,1.0,1.0,1.0,0.29318156016663877,-5.909608436457775
1.0,1.0,1.0,1.0,-0.019676695757783205,-0.7355363310594576,1.5952229477480908
-0.15105560330553236,-0.2683951792667705,-0.7407654045217102,-1.0,-0.43576929376774765,0.33901324612468176,-0.24802554123485349
-0.6432706085877159,0.13763132612081996,-0.5546586738786548,-0.7100446753520493,-1.0,0.4217107626648182,0.14976660157834698
0.049064343512237596,-0.5984110683416053,-1.0,0.47270914999214286,-0.19036428964823215,0.6969081301648364,2.3253099200149587
0.6887389894455476,1.0,-0.20846303813516032,1.0,0.20312465534923607,1.0,3.708365063175121
-0.8165514548788712,0.8512177175740531,-0.2388472591906336,0.3806167942269417,0.07558961428394018,-0.71653904630439,2.2778192162145476
-0.677897744240352,-1.0,-0.736717343909318,-1.0,0.40716677270912516,-1.0,3.270833984519906
1.0,1.0,0.3172657842020248,0.3948351497108131,0.042242907737262636,-0.03562810388821394,-1.2716977145868573
0.5267492762953453,0.09758351836183388,-1.0,0.2263005120922491,-0.28799394379427523,0.22859721215428258,1.24800610197885
-0.7850987631962343,-1.0,1.0,-0.14182434358922189,1.0,1.0,0.9542811083268821
-0.5048245330656274,-1.0,-1.0,-0.0017605804848699336,-0.30604094593093256,-1.0,3.1013748826458185
-0.08971131709286428,0.5629575481315626,-0.49451581645157827,1.0,0.8106711072854749,-0.6738248089324229,0.4920842344799057
-0.053661527405698184,-1.0,-0.5643062998070072,-0.03146124963393926,0.24130810885768916,0.4770489146029258,-1.6375920276264213
-0.5578300458372956,-0.07357766629175155,-1.0,-1.0,1.0,1.0,8.226917028580818
-1.0,-0.7818129952370895,-0.2866468196669061,-0.42596003380409,-0.21449104017975582,0.6178207102048143,-1.9209062158905128
0.01686947432709962,0.14670448134494207,-0.7752008729075996,-1.0,-0.6647344157019894,-0.9510925925407729,0.792207629230473
0.5385419672289482,1.0,1.0,1.0,-1.0,0.7505205997845761,-0.48525401932154144
-0.7893838452166262,-0.7397202720367351,-0.8791793301133284,-1.0,1.0,-0.6898035996059667,2.010481460333848
0.10568999580932359,1.0,-0.16586627559464584,1.0,-0.27067754398893873,0.5118294544469213,2.191641640831617
-0.05099648657514044,0.913215792529412,-0.21409134880386604,0.14720709013035527,-0.43893015421289716,-1.0,1.5490941701526046
1.0,0.16448790149660952,1.0,0.37069552308282194,0.17688665821195926,1.0,-3.3117560912580717
-1.0,-1.0,-0.7974108365850849,0.5312032289963806,-0.738407992746988,0.4405015076576644,-3.285246221199025
-0.538714418745504,-1.0,-0.022095071358305463,-0.670889919207809,-0.9581997171921544,-1.0,4.719970947689149
-0.1616737397995636,-0.2672780541608806,0.3910145977574712,-0.917382287987137,1.0,1.0,3.176893901274246
0.8664993535347829,1.0,0.7152670314671317,0.34579813419155747,-0.00443581394125192,-1.0,2.2071618132236606
1.0,0.905969271398452,0.9340694878182771,1.0,1.0,-0.7022381527141333,-4.693333836983148
0.2575338509679095,-1.0,-0.1827703098085025,-0.5444742740876909,-0.51796754758015,0.4937856608397838,0.8757182477151496
-0.02941500166887423,-0.596842250711187,-0.12260736115739213,-1.0,-0.15076230498098886,1.0,1.3485313159187853
1.0,0.1480280153773676,-0.0003451495062065657,0.20982195614623556,0.005838392608695786,1.0,1.1406191492378523
0.4139125965945567,1.0,1.0,0.7454786445733448,-1.0,0.17737326129421152,-0.8628242138162066
0.5803075161646417,-1.0,0.40619966844875216,0.25048939698932327,-0.1433759418278408,1.0,2.4236898483519465
0.17087986874365557,1.0,0.7161416497067076,0.4043810095344892,-0.3064258535903377,0.23690604362796228,-1.677607990537839
-1.0,-0.43755999952047064,-0.08954423613670548,-0.5890797346862482,-1.0,-1.0,0.28960058992334553
1.0,1.0,0.4582050976496125,1.0,-0.5519244054729839,-0.47466610065928694,3.970844390222819
